timestamp,throughput_mbps,active_users,future_throughput
0,60.97,2,59.06
1,59.06,2,58.41
2,58.41,2,62.49
3,62.49,2,63.97
4,63.97,2,63.89
5,63.89,2,58.8
6,58.8,2,60.61
7,60.61,2,62.75
8,62.75,2,64.9
9,64.9,2,60.76
10,60.76,2,61.86
11,61.86,2,59.32
12,59.32,2,59.27
13,59.27,2,65.51
14,65.51,2,67.36
15,67.36,2,63.3
16,63.3,2,66.74
17,66.74,2,65.03
18,65.03,2,62.23
19,62.23,2,65.47
20,65.47,2,69.22
21,69.22,2,64.72
22,64.72,2,69.73
23,69.73,2,57.4
24,57.4,2,67.94
25,67.94,2,65.95
26,65.95,2,65.01
27,65.01,2,66.4
28,66.4,2,60.38
29,60.38,2,65.9
30,65.9,2,67.85
31,67.85,2,71.42
32,71.42,2,65.65
33,65.65,2,64.99
34,64.99,2,66.13
35,66.13,2,70.6
36,70.6,2,69.05
37,69.05,2,66.69
38,66.69,2,70.03
39,70.03,2,69.0
40,69.0,2,71.82
41,71.82,2,67.02
42,67.02,2,68.36
43,68.36,2,68.38
44,68.38,2,65.37
45,65.37,2,70.86
46,70.86,2,70.97
47,70.97,2,70.41
48,70.41,2,69.9
49,69.9,2,66.57
50,66.57,2,69.76
51,69.76,2,70.2
52,70.2,2,69.03
53,69.03,2,71.16
54,71.16,2,73.07
55,73.07,2,77.72
56,77.72,2,72.79
57,72.79,2,73.25
58,73.25,2,72.46
59,72.46,2,67.13
60,67.13,2,73.01
61,73.01,2,73.47
62,73.47,2,80.89
63,80.89,3,73.12
64,73.12,2,74.8
65,74.8,2,74.0
66,74.0,2,70.8
67,70.8,2,77.93
68,77.93,2,76.96
69,76.96,2,77.28
70,77.28,2,72.37
71,72.37,2,79.51
72,79.51,2,71.29
73,71.29,2,77.45
74,77.45,2,82.46
75,82.46,3,73.11
76,73.11,2,74.58
77,74.58,2,76.77
78,76.77,2,75.16
79,75.16,2,72.21
80,72.21,2,77.26
81,77.26,2,74.06
82,74.06,2,78.86
83,78.86,2,74.87
84,74.87,2,82.47
85,82.47,3,75.66
86,75.66,2,77.23
87,77.23,2,80.82
88,80.82,3,74.88
89,74.88,2,79.44
90,79.44,2,82.86
91,82.86,3,74.3
92,74.3,2,79.86
93,79.86,2,80.27
94,80.27,3,82.02
95,82.02,3,76.14
96,76.14,2,76.07
97,76.07,2,81.78
98,81.78,3,81.29
99,81.29,3,81.32
100,81.32,3,81.79
101,81.79,3,78.89
102,78.89,2,81.8
103,81.8,3,82.16
104,82.16,3,79.31
105,79.31,2,87.22
106,87.22,3,83.22
107,83.22,3,78.4
108,78.4,2,84.11
109,84.11,3,79.39
110,79.39,2,84.84
111,84.84,3,86.12
112,86.12,3,80.35
113,80.35,3,85.87
114,85.87,3,84.38
115,84.38,3,85.78
116,85.78,3,89.16
117,89.16,3,82.9
118,82.9,3,81.54
119,81.54,3,81.29
120,81.29,3,81.67
121,81.67,3,84.05
122,84.05,3,85.46
123,85.46,3,85.42
124,85.42,3,87.23
125,87.23,3,84.94
126,84.94,3,89.42
127,89.42,3,84.42
128,84.42,3,93.52
129,93.52,3,87.39
130,87.39,3,83.09
131,83.09,3,82.6
132,82.6,3,87.41
133,87.41,3,85.44
134,85.44,3,88.4
135,88.4,3,87.82
136,87.82,3,86.32
137,86.32,3,84.15
138,84.15,3,82.28
139,82.28,3,85.63
140,85.63,3,89.68
141,89.68,3,87.89
142,87.89,3,83.65
143,83.65,3,88.04
144,88.04,3,88.81
145,88.81,3,85.14
146,85.14,3,88.38
147,88.38,3,88.23
148,88.23,3,84.76
149,84.76,3,89.39
150,89.39,3,90.13
151,90.13,3,91.82
152,91.82,3,91.86
153,91.86,3,84.69
154,84.69,3,86.13
155,86.13,3,90.62
156,90.62,3,90.73
157,90.73,3,90.86
158,90.86,3,100.99
159,100.99,3,91.26
160,91.26,3,139.39
161,139.39,4,138.97
162,138.97,4,138.17
163,138.17,4,135.39
164,135.39,4,138.72
165,138.72,4,134.24
166,134.24,4,135.96
167,135.96,4,135.32
168,135.32,4,137.13
169,137.13,4,143.93
170,143.93,4,131.49
171,131.49,4,139.26
172,139.26,4,132.46
173,132.46,4,135.99
174,135.99,4,140.77
175,140.77,4,137.8
176,137.8,4,134.47
177,134.47,4,135.65
178,135.65,4,139.93
179,139.93,4,135.8
180,135.8,4,138.73
181,138.73,4,138.31
182,138.31,4,136.31
183,136.31,4,144.78
184,144.78,4,140.34
185,140.34,4,132.45
186,132.45,4,139.17
187,139.17,4,136.71
188,136.71,4,141.34
189,141.34,4,136.48
190,136.48,4,138.6
191,138.6,4,140.54
192,140.54,4,141.7
193,141.7,4,135.57
194,135.57,4,138.25
195,138.25,4,137.9
196,137.9,4,137.44
197,137.44,4,144.76
198,144.76,4,140.75
199,140.75,4,135.82
200,135.82,4,142.43
201,142.43,4,146.11
202,146.11,4,142.9
203,142.9,4,135.31
204,135.31,4,138.48
205,138.48,4,143.79
206,143.79,4,137.93
207,137.93,4,141.44
208,141.44,4,142.49
209,142.49,4,137.44
210,137.44,4,140.09
211,140.09,4,130.6
212,130.6,4,137.3
213,137.3,4,139.67
214,139.67,4,136.73
215,136.73,4,145.42
216,145.42,4,136.28
217,136.28,4,139.29
218,139.29,4,141.05
219,141.05,4,145.02
220,145.02,4,136.43
221,136.43,4,144.27
222,144.27,4,140.85
223,140.85,4,137.91
224,137.91,4,142.27
225,142.27,4,141.52
226,141.52,4,139.15
227,139.15,4,141.19
228,141.19,4,139.86
229,139.86,4,141.38
230,141.38,4,143.06
231,143.06,4,145.85
232,145.85,4,137.41
233,137.41,4,147.54
234,147.54,4,135.31
235,135.31,4,140.73
236,140.73,4,142.97
237,142.97,4,142.06
238,142.06,4,139.37
239,139.37,4,140.63
240,140.63,4,139.78
241,139.78,4,139.51
242,139.51,4,143.83
243,143.83,4,142.37
244,142.37,4,139.22
245,139.22,4,144.01
246,144.01,4,142.23
247,142.23,4,143.75
248,143.75,4,143.21
249,143.21,4,138.83
250,138.83,4,139.64
251,139.64,4,143.56
252,143.56,4,143.14
253,143.14,4,94.93
254,94.93,3,95.33
255,95.33,3,98.81
256,98.81,3,93.19
257,93.19,3,96.6
258,96.6,3,94.34
259,94.34,3,94.28
260,94.28,3,98.21
261,98.21,3,97.38
262,97.38,3,97.32
263,97.32,3,98.78
264,98.78,3,94.91
265,94.91,3,96.87
266,96.87,3,93.87
267,93.87,3,95.75
268,95.75,3,94.36
269,94.36,3,95.02
270,95.02,3,96.48
271,96.48,3,92.21
272,92.21,3,100.91
273,100.91,3,91.58
274,91.58,3,90.93
275,90.93,3,98.01
276,98.01,3,96.87
277,96.87,3,96.33
278,96.33,3,96.31
279,96.31,3,94.34
280,94.34,3,91.65
281,91.65,3,94.52
282,94.52,3,92.22
283,92.22,3,97.13
284,97.13,3,93.72
285,93.72,3,91.63
286,91.63,3,93.09
287,93.09,3,95.25
288,95.25,3,92.26
289,92.26,3,91.43
290,91.43,3,94.58
291,94.58,3,94.52
292,94.52,3,92.21
293,92.21,3,92.26
294,92.26,3,94.31
295,94.31,3,89.2
296,89.2,3,89.26
297,89.26,3,91.26
298,91.26,3,92.71
299,92.71,3,94.22
300,94.22,3,97.64
301,97.64,3,95.72
302,95.72,3,92.6
303,92.6,3,92.95
304,92.95,3,89.92
305,89.92,3,92.8
306,92.8,3,91.91
307,91.91,3,93.67
308,93.67,3,90.14
309,90.14,3,94.1
310,94.1,3,97.06
311,97.06,3,92.05
312,92.05,3,93.5
313,93.5,3,94.28
314,94.28,3,90.92
315,90.92,3,92.71
316,92.71,3,91.98
317,91.98,3,92.15
318,92.15,3,89.44
319,89.44,3,91.74
320,91.74,3,93.07
321,93.07,3,95.83
322,95.83,3,94.26
323,94.26,3,97.74
324,97.74,3,88.88
325,88.88,3,93.7
326,93.7,3,91.53
327,91.53,3,97.45
328,97.45,3,88.35
329,88.35,3,88.15
330,88.15,3,88.77
331,88.77,3,84.08
332,84.08,3,88.77
333,88.77,3,87.96
334,87.96,3,90.58
335,90.58,3,91.04
336,91.04,3,131.06
337,131.06,4,128.17
338,128.17,4,123.47
339,123.47,4,122.39
340,122.39,4,126.45
341,126.45,4,120.89
342,120.89,4,130.22
343,130.22,4,128.15
344,128.15,4,123.08
345,123.08,4,119.22
346,119.22,3,128.3
347,128.3,4,123.76
348,123.76,4,127.69
349,127.69,4,119.07
350,119.07,3,121.92
351,121.92,4,123.61
352,123.61,4,123.6
353,123.6,4,121.98
354,121.98,4,125.06
355,125.06,4,119.85
356,119.85,3,122.49
357,122.49,4,123.14
358,123.14,4,124.19
359,124.19,4,124.64
360,124.64,4,118.99
361,118.99,3,117.62
362,117.62,3,125.91
363,125.91,4,122.93
364,122.93,4,119.54
365,119.54,3,126.3
366,126.3,4,121.84
367,121.84,4,124.89
368,124.89,4,121.4
369,121.4,4,127.23
370,127.23,4,126.17
371,126.17,4,120.0
372,120.0,4,123.51
373,123.51,4,122.38
374,122.38,4,124.39
375,124.39,4,117.23
376,117.23,3,122.03
377,122.03,4,122.99
378,122.99,4,114.38
379,114.38,3,115.95
380,115.95,3,113.22
381,113.22,3,118.36
382,118.36,3,121.16
383,121.16,4,123.35
384,123.35,4,118.9
385,118.9,3,123.4
386,123.4,4,114.21
387,114.21,3,113.07
388,113.07,3,117.85
389,117.85,3,119.0
390,119.0,3,117.58
391,117.58,3,111.3
392,111.3,3,117.07
393,117.07,3,113.25
394,113.25,3,119.0
395,119.0,3,117.91
396,117.91,3,113.82
397,113.82,3,114.92
398,114.92,3,113.11
399,113.11,3,115.92
400,115.92,3,118.8
401,118.8,3,112.79
402,112.79,3,117.08
403,117.08,3,113.8
404,113.8,3,112.83
405,112.83,3,114.71
406,114.71,3,111.74
407,111.74,3,113.0
408,113.0,3,75.35
409,75.35,2,84.65
410,84.65,3,78.67
411,78.67,2,76.28
412,76.28,2,78.84
413,78.84,2,77.67
414,77.67,2,77.15
415,77.15,2,79.47
416,79.47,2,79.71
417,79.71,2,75.65
418,75.65,2,75.33
419,75.33,2,76.04
420,76.04,2,69.76
421,69.76,2,71.93
422,71.93,2,80.38
423,80.38,3,81.02
424,81.02,3,75.14
425,75.14,2,77.42
426,77.42,2,76.43
427,76.43,2,84.54
428,84.54,3,78.46
429,78.46,2,74.52
430,74.52,2,71.84
431,71.84,2,69.68
432,69.68,2,74.91
433,74.91,2,71.83
434,71.83,2,69.63
435,69.63,2,71.76
436,71.76,2,70.25
437,70.25,2,78.35
438,78.35,2,75.73
439,75.73,2,72.86
440,72.86,2,77.12
441,77.12,2,72.71
442,72.71,2,69.68
443,69.68,2,76.63
444,76.63,2,73.47
445,73.47,2,68.54
446,68.54,2,70.87
447,70.87,2,68.61
448,68.61,2,66.88
449,66.88,2,73.59
450,73.59,2,76.33
451,76.33,2,66.2
452,66.2,2,71.88
453,71.88,2,68.02
454,68.02,2,68.3
455,68.3,2,67.78
456,67.78,2,66.75
457,66.75,2,69.28
458,69.28,2,66.42
459,66.42,2,69.52
460,69.52,2,68.34
461,68.34,2,67.56
462,67.56,2,65.34
463,65.34,2,66.12
464,66.12,2,69.9
465,69.9,2,100.0
466,100.0,3,95.35
467,95.35,3,98.36
468,98.36,3,100.1
469,100.1,3,92.62
470,92.62,3,99.05
471,99.05,3,95.21
472,95.21,3,98.69
473,98.69,3,94.48
474,94.48,3,91.13
475,91.13,3,91.45
476,91.45,3,96.26
477,96.26,3,96.68
478,96.68,3,92.97
479,92.97,3,97.38
480,97.38,3,90.26
481,90.26,3,94.83
482,94.83,3,91.17
483,91.17,3,92.63
484,92.63,3,94.51
485,94.51,3,91.57
486,91.57,3,92.78
487,92.78,3,96.73
488,96.73,3,91.76
489,91.76,3,95.78
490,95.78,3,89.66
491,89.66,3,94.42
492,94.42,3,96.94
493,96.94,3,84.98
494,84.98,3,89.78
495,89.78,3,93.68
496,93.68,3,91.12
497,91.12,3,92.63
498,92.63,3,89.48
499,89.48,3,91.33
500,91.33,3,90.39
501,90.39,3,94.14
502,94.14,3,91.18
503,91.18,3,91.21
504,91.21,3,88.74
505,88.74,3,88.29
506,88.29,3,88.24
507,88.24,3,90.5
508,90.5,3,87.83
509,87.83,3,89.75
510,89.75,3,94.88
511,94.88,3,91.05
512,91.05,3,87.24
513,87.24,3,91.6
514,91.6,3,86.56
515,86.56,3,81.45
516,81.45,3,84.32
517,84.32,3,81.51
518,81.51,3,85.85
519,85.85,3,86.74
520,86.74,3,91.5
521,91.5,3,87.23
522,87.23,3,85.38
523,85.38,3,88.3
524,88.3,3,78.97
525,78.97,2,86.09
526,86.09,3,87.48
527,87.48,3,80.51
528,80.51,3,88.16
529,88.16,3,85.53
530,85.53,3,83.05
531,83.05,3,85.98
532,85.98,3,90.68
533,90.68,3,84.2
534,84.2,3,84.18
535,84.18,3,81.85
536,81.85,3,80.46
537,80.46,3,85.29
538,85.29,3,80.01
539,80.01,3,82.58
540,82.58,3,80.72
541,80.72,3,83.38
542,83.38,3,82.73
543,82.73,3,84.63
544,84.63,3,79.78
545,79.78,2,80.29
546,80.29,3,77.95
547,77.95,2,79.34
548,79.34,2,81.6
549,81.6,3,82.53
550,82.53,3,77.28
551,77.28,2,82.45
552,82.45,3,83.7
553,83.7,3,80.67
554,80.67,3,84.85
555,84.85,3,76.69
556,76.69,2,75.07
557,75.07,2,73.26
558,73.26,2,82.88
559,82.88,3,49.08
560,49.08,2,46.74
561,46.74,2,47.55
562,47.55,2,43.13
563,43.13,2,53.64
564,53.64,2,46.49
565,46.49,2,46.23
566,46.23,2,47.87
567,47.87,2,46.94
568,46.94,2,45.97
569,45.97,2,42.73
570,42.73,2,46.31
571,46.31,2,50.35
572,50.35,2,48.54
573,48.54,2,49.09
574,49.09,2,42.58
575,42.58,2,40.95
576,40.95,2,43.34
577,43.34,2,43.69
578,43.69,2,46.61
579,46.61,2,38.06
580,38.06,1,47.53
581,47.53,2,42.28
582,42.28,2,41.28
583,41.28,2,39.34
584,39.34,1,37.22
585,37.22,1,44.46
586,44.46,2,42.03
587,42.03,2,37.75
588,37.75,1,37.55
589,37.55,1,40.24
590,40.24,2,46.07
591,46.07,2,40.1
592,40.1,2,36.18
593,36.18,1,39.77
594,39.77,1,39.51
595,39.51,1,32.05
596,32.05,1,39.8
597,39.8,1,39.09
598,39.09,1,41.69
599,41.69,2,79.69
600,79.69,2,77.34
601,77.34,2,72.98
602,72.98,2,70.29
603,70.29,2,81.16
604,81.16,3,73.44
605,73.44,2,73.13
606,73.13,2,72.85
607,72.85,2,73.34
608,73.34,2,72.14
609,72.14,2,70.68
610,70.68,2,70.6
611,70.6,2,71.97
612,71.97,2,70.27
613,70.27,2,69.6
614,69.6,2,71.89
615,71.89,2,70.64
616,70.64,2,75.75
617,75.75,2,63.13
618,63.13,2,74.19
619,74.19,2,74.49
620,74.49,2,64.38
621,64.38,2,69.41
622,69.41,2,69.16
623,69.16,2,65.9
624,65.9,2,67.63
625,67.63,2,66.48
626,66.48,2,74.91
627,74.91,2,72.31
628,72.31,2,73.17
629,73.17,2,71.37
630,71.37,2,65.66
631,65.66,2,67.33
632,67.33,2,70.22
633,70.22,2,64.94
634,64.94,2,70.6
635,70.6,2,67.6
636,67.6,2,67.05
637,67.05,2,70.16
638,70.16,2,69.22
639,69.22,2,66.66
640,66.66,2,71.09
641,71.09,2,64.23
642,64.23,2,69.18
643,69.18,2,68.97
644,68.97,2,66.13
645,66.13,2,67.9
646,67.9,2,63.04
647,63.04,2,69.43
648,69.43,2,65.97
649,65.97,2,64.83
650,64.83,2,69.42
651,69.42,2,64.03
652,64.03,2,61.79
653,61.79,2,61.22
654,61.22,2,67.59
655,67.59,2,61.8
656,61.8,2,70.79
657,70.79,2,59.16
658,59.16,2,70.37
659,70.37,2,65.8
660,65.8,2,64.76
661,64.76,2,63.3
662,63.3,2,66.01
663,66.01,2,64.59
664,64.59,2,67.9
665,67.9,2,64.82
666,64.82,2,64.82
667,64.82,2,63.17
668,63.17,2,63.98
669,63.98,2,64.97
670,64.97,2,58.81
671,58.81,2,59.79
672,59.79,2,65.96
673,65.96,2,64.14
674,64.14,2,62.98
675,62.98,2,63.49
676,63.49,2,64.38
677,64.38,2,61.62
678,61.62,2,26.09
679,26.09,1,28.92
680,28.92,1,25.3
681,25.3,1,29.37
682,29.37,1,22.95
683,22.95,1,31.05
684,31.05,1,29.3
685,29.3,1,28.56
686,28.56,1,30.65
687,30.65,1,32.62
688,32.62,1,30.58
689,30.58,1,21.94
690,21.94,1,23.54
691,23.54,1,25.42
692,25.42,1,27.3
693,27.3,1,28.7
694,28.7,1,24.89
695,24.89,1,27.56
696,27.56,1,24.66
697,24.66,1,25.02
698,25.02,1,22.56
699,22.56,1,23.94
700,23.94,1,22.59
701,22.59,1,23.65
702,23.65,1,29.68
703,29.68,1,23.6
704,23.6,1,34.29
705,34.29,1,27.81
706,27.81,1,26.82
707,26.82,1,23.64
708,23.64,1,28.26
709,28.26,1,24.37
710,24.37,1,26.41
711,26.41,1,33.67
712,33.67,1,25.65
713,25.65,1,29.34
714,29.34,1,23.73
715,23.73,1,25.69
716,25.69,1,31.06
717,31.06,1,23.82
718,23.82,1,31.1
719,31.1,1,27.74
720,27.74,1,23.89
721,23.89,1,27.44
722,27.44,1,28.42
723,28.42,1,27.33
724,27.33,1,20.72
725,20.72,1,23.22
726,23.22,1,24.62
727,24.62,1,25.11
728,25.11,1,27.17
729,27.17,1,25.81
730,25.81,1,21.24
731,21.24,1,26.36
732,26.36,1,27.03
733,27.03,1,26.86
734,26.86,1,28.4
735,28.4,1,27.64
736,27.64,1,26.49
737,26.49,1,24.89
738,24.89,1,20.1
739,20.1,1,26.36
740,26.36,1,25.68
741,25.68,1,25.86
742,25.86,1,21.2
743,21.2,1,21.78
744,21.78,1,28.18
745,28.18,1,24.89
746,24.89,1,27.05
747,27.05,1,25.09
748,25.09,1,25.09
749,25.09,1,27.81
750,27.81,1,23.45
751,23.45,1,25.29
752,25.29,1,23.62
753,23.62,1,23.71
754,23.71,1,24.09
755,24.09,1,25.69
756,25.69,1,23.6
757,23.6,1,28.81
758,28.81,1,22.37
759,22.37,1,24.51
760,24.51,1,23.76
761,23.76,1,29.44
762,29.44,1,25.71
763,25.71,1,28.23
764,28.23,1,20.7
765,20.7,1,25.98
766,25.98,1,27.87
767,27.87,1,25.47
768,25.47,1,50.88
769,50.88,2,46.16
770,46.16,2,51.96
771,51.96,2,54.66
772,54.66,2,46.71
773,46.71,2,46.49
774,46.49,2,52.22
775,52.22,2,52.64
776,52.64,2,46.37
777,46.37,2,46.71
778,46.71,2,47.17
779,47.17,2,44.02
780,44.02,2,45.34
781,45.34,2,45.12
782,45.12,2,45.88
783,45.88,2,48.12
784,48.12,2,48.98
785,48.98,2,52.97
786,52.97,2,45.38
787,45.38,2,51.38
788,51.38,2,47.84
789,47.84,2,48.38
790,48.38,2,50.61
791,50.61,2,45.28
792,45.28,2,49.85
793,49.85,2,49.26
794,49.26,2,50.3
795,50.3,2,49.75
796,49.75,2,56.31
797,56.31,2,47.1
798,47.1,2,47.48
799,47.48,2,47.28
800,47.28,2,47.55
801,47.55,2,47.37
802,47.37,2,52.92
803,52.92,2,53.69
804,53.69,2,47.79
805,47.79,2,47.08
806,47.08,2,51.07
807,51.07,2,48.07
808,48.07,2,51.71
809,51.71,2,50.5
810,50.5,2,45.42
811,45.42,2,54.7
812,54.7,2,55.53
813,55.53,2,48.39
814,48.39,2,49.15
815,49.15,2,51.26
816,51.26,2,51.49
817,51.49,2,30.12
818,30.12,1,34.27
819,34.27,1,27.8
820,27.8,1,26.03
821,26.03,1,24.38
822,24.38,1,26.42
823,26.42,1,28.62
824,28.62,1,34.2
825,34.2,1,27.36
826,27.36,1,29.69
827,29.69,1,29.07
828,29.07,1,32.79
829,32.79,1,36.91
830,36.91,1,27.84
831,27.84,1,28.08
832,28.08,1,32.79
833,32.79,1,31.81
834,31.81,1,35.41
835,35.41,1,31.74
836,31.74,1,29.02
837,29.02,1,31.99
838,31.99,1,33.66
839,33.66,1,32.91
840,32.91,1,32.09
841,32.09,1,33.89
842,33.89,1,34.32
843,34.32,1,35.08
844,35.08,1,33.0
845,33.0,1,30.68
846,30.68,1,31.74
847,31.74,1,35.05
848,35.05,1,29.1
849,29.1,1,32.79
850,32.79,1,30.63
851,30.63,1,32.03
852,32.03,1,35.91
853,35.91,1,32.78
854,32.78,1,32.48
855,32.48,1,28.4
856,28.4,1,34.86
857,34.86,1,34.69
858,34.69,1,39.38
859,39.38,1,72.73
860,72.73,2,74.45
861,74.45,2,74.68
862,74.68,2,78.81
863,78.81,2,73.94
864,73.94,2,75.2
865,75.2,2,76.34
866,76.34,2,75.22
867,75.22,2,73.47
868,73.47,2,75.54
869,75.54,2,78.33
870,78.33,2,72.18
871,72.18,2,75.81
872,75.81,2,73.46
873,73.46,2,79.3
874,79.3,2,71.3
875,71.3,2,74.35
876,74.35,2,77.32
877,77.32,2,81.04
878,81.04,3,76.3
879,76.3,2,75.0
880,75.0,2,82.46
881,82.46,3,72.64
882,72.64,2,70.55
883,70.55,2,78.63
884,78.63,2,75.97
885,75.97,2,74.58
886,74.58,2,79.93
887,79.93,2,78.7
888,78.7,2,76.45
889,76.45,2,74.47
890,74.47,2,81.1
891,81.1,3,80.6
892,80.6,3,78.52
893,78.52,2,43.91
894,43.91,2,35.34
895,35.34,1,34.15
896,34.15,1,36.82
897,36.82,1,38.94
898,38.94,1,39.98
899,39.98,1,38.7
900,38.7,1,40.66
901,40.66,2,36.03
902,36.03,1,44.3
903,44.3,2,39.9
904,39.9,1,43.68
905,43.68,2,41.54
906,41.54,2,42.06
907,42.06,2,42.59
908,42.59,2,42.4
909,42.4,2,43.17
910,43.17,2,45.42
911,45.42,2,42.21
912,42.21,2,43.93
913,43.93,2,41.73
914,41.73,2,46.5
915,46.5,2,40.34
916,40.34,2,47.97
917,47.97,2,42.63
918,42.63,2,38.65
919,38.65,1,43.52
920,43.52,2,41.29
921,41.29,2,46.05
922,46.05,2,41.76
923,41.76,2,42.58
924,42.58,2,38.44
925,38.44,1,42.95
926,42.95,2,37.23
927,37.23,1,39.95
928,39.95,1,47.18
929,47.18,2,47.46
930,47.46,2,46.57
931,46.57,2,42.6
932,42.6,2,45.55
933,45.55,2,45.89
934,45.89,2,42.62
935,42.62,2,50.81
936,50.81,2,49.14
937,49.14,2,46.04
938,46.04,2,46.99
939,46.99,2,47.74
940,47.74,2,41.2
941,41.2,2,46.78
942,46.78,2,45.69
943,45.69,2,44.93
944,44.93,2,47.3
945,47.3,2,53.74
946,53.74,2,50.48
947,50.48,2,47.05
948,47.05,2,50.69
949,50.69,2,53.38
950,53.38,2,52.17
951,52.17,2,49.78
952,49.78,2,47.87
953,47.87,2,52.12
954,52.12,2,51.42
955,51.42,2,53.13
956,53.13,2,52.56
957,52.56,2,54.02
958,54.02,2,49.48
959,49.48,2,55.25
960,55.25,2,52.1
961,52.1,2,57.95
962,57.95,2,49.87
963,49.87,2,57.36
964,57.36,2,52.96
965,52.96,2,50.63
966,50.63,2,51.34
967,51.34,2,52.05
968,52.05,2,54.5
969,54.5,2,55.01
970,55.01,2,51.94
971,51.94,2,53.8
972,53.8,2,60.52
973,60.52,2,59.49
974,59.49,2,55.83
975,55.83,2,54.86
976,54.86,2,55.32
977,55.32,2,57.02
978,57.02,2,52.33
979,52.33,2,54.84
980,54.84,2,50.83
981,50.83,2,57.25
982,57.25,2,58.21
983,58.21,2,55.04
984,55.04,2,61.43
985,61.43,2,53.25
986,53.25,2,52.75
987,52.75,2,58.04
988,58.04,2,60.72
989,60.72,2,62.85
990,62.85,2,56.65
991,56.65,2,61.48
992,61.48,2,58.35
993,58.35,2,58.16
994,58.16,2,61.55
995,61.55,2,61.08
996,61.08,2,54.61
997,54.61,2,63.99
998,63.99,2,63.92
999,63.92,2,58.12
1000,58.12,2,61.41
1001,61.41,2,61.92
1002,61.92,2,61.44
1003,61.44,2,59.23
1004,59.23,2,59.08
1005,59.08,2,61.24
1006,61.24,2,65.06
1007,65.06,2,63.39
1008,63.39,2,60.87
1009,60.87,2,64.51
1010,64.51,2,53.87
1011,53.87,2,66.08
1012,66.08,2,57.64
1013,57.64,2,61.99
1014,61.99,2,59.93
1015,59.93,2,59.63
1016,59.63,2,67.21
1017,67.21,2,62.55
1018,62.55,2,65.21
1019,65.21,2,64.25
1020,64.25,2,66.04
1021,66.04,2,65.05
1022,65.05,2,61.19
1023,61.19,2,68.25
1024,68.25,2,63.99
1025,63.99,2,61.02
1026,61.02,2,64.62
1027,64.62,2,70.63
1028,70.63,2,68.89
1029,68.89,2,65.51
1030,65.51,2,65.73
1031,65.73,2,66.02
1032,66.02,2,73.44
1033,73.44,2,68.57
1034,68.57,2,68.93
1035,68.93,2,70.94
1036,70.94,2,68.78
1037,68.78,2,67.5
1038,67.5,2,67.9
1039,67.9,2,68.49
1040,68.49,2,68.81
1041,68.81,2,71.31
1042,71.31,2,69.5
1043,69.5,2,71.75
1044,71.75,2,69.52
1045,69.52,2,70.21
1046,70.21,2,64.19
1047,64.19,2,73.15
1048,73.15,2,71.65
1049,71.65,2,73.81
1050,73.81,2,62.34
1051,62.34,2,77.5
1052,77.5,2,71.02
1053,71.02,2,74.97
1054,74.97,2,68.74
1055,68.74,2,73.9
1056,73.9,2,69.11
1057,69.11,2,70.6
1058,70.6,2,78.42
1059,78.42,2,72.31
1060,72.31,2,73.74
1061,73.74,2,75.9
1062,75.9,2,74.98
1063,74.98,2,74.15
1064,74.15,2,75.0
1065,75.0,2,81.31
1066,81.31,3,74.13
1067,74.13,2,75.11
1068,75.11,2,77.85
1069,77.85,2,78.22
1070,78.22,2,78.66
1071,78.66,2,77.22
1072,77.22,2,72.07
1073,72.07,2,80.59
1074,80.59,3,72.45
1075,72.45,2,76.99
1076,76.99,2,74.02
1077,74.02,2,76.28
1078,76.28,2,77.65
1079,77.65,2,77.83
1080,77.83,2,78.32
1081,78.32,2,82.09
1082,82.09,3,78.8
1083,78.8,2,76.89
1084,76.89,2,80.71
1085,80.71,3,81.57
1086,81.57,3,74.51
1087,74.51,2,80.17
1088,80.17,3,80.67
1089,80.67,3,77.86
1090,77.86,2,83.07
1091,83.07,3,78.67
1092,78.67,2,79.68
1093,79.68,2,78.97
1094,78.97,2,79.72
1095,79.72,2,76.57
1096,76.57,2,75.71
1097,75.71,2,85.0
1098,85.0,3,77.85
1099,77.85,2,77.6
1100,77.6,2,74.29
1101,74.29,2,79.01
1102,79.01,2,77.13
1103,77.13,2,86.2
1104,86.2,3,84.48
1105,84.48,3,79.56
1106,79.56,2,88.55
1107,88.55,3,84.91
1108,84.91,3,81.17
1109,81.17,3,74.81
1110,74.81,2,89.35
1111,89.35,3,78.48
1112,78.48,2,77.88
1113,77.88,2,86.05
1114,86.05,3,90.47
1115,90.47,3,87.46
1116,87.46,3,85.17
1117,85.17,3,85.42
1118,85.42,3,86.36
1119,86.36,3,86.24
1120,86.24,3,84.96
1121,84.96,3,84.59
1122,84.59,3,84.25
1123,84.25,3,82.33
1124,82.33,3,83.91
1125,83.91,3,79.82
1126,79.82,2,84.76
1127,84.76,3,82.25
1128,82.25,3,82.05
1129,82.05,3,86.05
1130,86.05,3,89.84
1131,89.84,3,88.57
1132,88.57,3,81.25
1133,81.25,3,83.14
1134,83.14,3,89.08
1135,89.08,3,83.45
1136,83.45,3,85.87
1137,85.87,3,88.34
1138,88.34,3,83.92
1139,83.92,3,87.28
1140,87.28,3,83.11
1141,83.11,3,85.44
1142,85.44,3,88.34
1143,88.34,3,82.74
1144,82.74,3,88.98
1145,88.98,3,87.73
1146,87.73,3,89.58
1147,89.58,3,88.73
1148,88.73,3,92.28
1149,92.28,3,88.69
1150,88.69,3,87.16
1151,87.16,3,88.94
1152,88.94,3,90.33
1153,90.33,3,88.97
1154,88.97,3,89.07
1155,89.07,3,86.96
1156,86.96,3,87.2
1157,87.2,3,85.11
1158,85.11,3,94.68
1159,94.68,3,85.82
1160,85.82,3,87.59
1161,87.59,3,87.63
1162,87.63,3,92.58
1163,92.58,3,89.13
1164,89.13,3,93.87
1165,93.87,3,88.22
1166,88.22,3,91.18
1167,91.18,3,87.95
1168,87.95,3,97.0
1169,97.0,3,87.11
1170,87.11,3,91.71
1171,91.71,3,92.78
1172,92.78,3,92.22
1173,92.22,3,90.53
1174,90.53,3,90.8
1175,90.8,3,91.42
1176,91.42,3,90.94
1177,90.94,3,94.37
1178,94.37,3,98.21
1179,98.21,3,90.0
1180,90.0,3,87.65
1181,87.65,3,91.59
1182,91.59,3,99.68
1183,99.68,3,126.03
1184,126.03,4,133.45
1185,133.45,4,133.65
1186,133.65,4,127.04
1187,127.04,4,130.49
1188,130.49,4,133.75
1189,133.75,4,127.81
1190,127.81,4,128.42
1191,128.42,4,127.36
1192,127.36,4,126.14
1193,126.14,4,127.32
1194,127.32,4,125.67
1195,125.67,4,129.51
1196,129.51,4,127.18
1197,127.18,4,130.26
1198,130.26,4,124.96
1199,124.96,4,130.69
1200,130.69,4,132.26
1201,132.26,4,123.85
1202,123.85,4,131.01
1203,131.01,4,133.64
1204,133.64,4,126.39
1205,126.39,4,135.1
1206,135.1,4,131.4
1207,131.4,4,128.08
1208,128.08,4,130.09
1209,130.09,4,131.98
1210,131.98,4,130.59
1211,130.59,4,132.03
1212,132.03,4,127.7
1213,127.7,4,131.02
1214,131.02,4,126.32
1215,126.32,4,130.28
1216,130.28,4,127.95
1217,127.95,4,128.5
1218,128.5,4,134.45
1219,134.45,4,134.06
1220,134.06,4,132.66
1221,132.66,4,127.59
1222,127.59,4,129.96
1223,129.96,4,134.58
1224,134.58,4,131.4
1225,131.4,4,137.97
1226,137.97,4,132.22
1227,132.22,4,131.65
1228,131.65,4,130.18
1229,130.18,4,131.53
1230,131.53,4,130.7
1231,130.7,4,133.31
1232,133.31,4,134.08
1233,134.08,4,128.87
1234,128.87,4,127.26
1235,127.26,4,125.76
1236,125.76,4,132.82
1237,132.82,4,128.0
1238,128.0,4,124.87
1239,124.87,4,132.5
1240,132.5,4,138.83
1241,138.83,4,131.35
1242,131.35,4,133.89
1243,133.89,4,131.63
1244,131.63,4,131.09
1245,131.09,4,134.15
1246,134.15,4,130.53
1247,130.53,4,132.21
1248,132.21,4,132.37
1249,132.37,4,129.4
1250,129.4,4,134.38
1251,134.38,4,130.88
1252,130.88,4,129.13
1253,129.13,4,133.01
1254,133.01,4,128.7
1255,128.7,4,131.47
1256,131.47,4,131.35
1257,131.35,4,134.62
1258,134.62,4,132.78
1259,132.78,4,131.26
1260,131.26,4,133.78
1261,133.78,4,135.48
1262,135.48,4,132.96
1263,132.96,4,131.3
1264,131.3,4,127.32
1265,127.32,4,128.04
1266,128.04,4,160.0
1267,160.0,4,160.0
1268,160.0,4,160.0
1269,160.0,4,160.0
1270,160.0,4,160.0
1271,160.0,4,160.0
1272,160.0,4,160.0
1273,160.0,4,160.0
1274,160.0,4,160.0
1275,160.0,4,160.0
1276,160.0,4,160.0
1277,160.0,4,160.0
1278,160.0,4,153.94
1279,153.94,4,156.7
1280,156.7,4,155.72
1281,155.72,4,151.38
1282,151.38,4,156.45
1283,156.45,4,152.37
1284,152.37,4,150.87
1285,150.87,4,149.99
1286,149.99,4,150.87
1287,150.87,4,150.57
1288,150.57,4,152.19
1289,152.19,4,152.11
1290,152.11,4,151.58
1291,151.58,4,152.82
1292,152.82,4,155.03
1293,155.03,4,154.24
1294,154.24,4,146.88
1295,146.88,4,143.61
1296,143.61,4,154.01
1297,154.01,4,147.04
1298,147.04,4,150.4
1299,150.4,4,147.5
1300,147.5,4,145.54
1301,145.54,4,152.5
1302,152.5,4,153.08
1303,153.08,4,149.0
1304,149.0,4,142.88
1305,142.88,4,148.94
1306,148.94,4,151.68
1307,151.68,4,145.99
1308,145.99,4,150.9
1309,150.9,4,150.22
1310,150.22,4,151.92
1311,151.92,4,150.46
1312,150.46,4,147.1
1313,147.1,4,153.52
1314,153.52,4,149.37
1315,149.37,4,149.67
1316,149.67,4,146.87
1317,146.87,4,148.25
1318,148.25,4,146.83
1319,146.83,4,148.87
1320,148.87,4,154.43
1321,154.43,4,145.09
1322,145.09,4,144.27
1323,144.27,4,153.42
1324,153.42,4,148.28
1325,148.28,4,146.8
1326,146.8,4,151.83
1327,151.83,4,146.79
1328,146.79,4,153.98
1329,153.98,4,150.43
1330,150.43,4,146.82
1331,146.82,4,154.65
1332,154.65,4,146.25
1333,146.25,4,150.19
1334,150.19,4,148.75
1335,148.75,4,151.64
1336,151.64,4,152.31
1337,152.31,4,147.6
1338,147.6,4,145.13
1339,145.13,4,148.65
1340,148.65,4,145.12
1341,145.12,4,153.08
1342,153.08,4,147.33
1343,147.33,4,145.7
1344,145.7,4,147.23
1345,147.23,4,142.51
1346,142.51,4,143.51
1347,143.51,4,149.9
1348,149.9,4,144.2
1349,144.2,4,111.56
1350,111.56,3,116.18
1351,116.18,3,118.0
1352,118.0,3,116.47
1353,116.47,3,117.16
1354,117.16,3,111.77
1355,111.77,3,83.25
1356,83.25,3,91.89
1357,91.89,3,86.28
1358,86.28,3,86.36
1359,86.36,3,90.95
1360,90.95,3,88.5
1361,88.5,3,88.05
1362,88.05,3,112.31
1363,112.31,3,103.74
1364,103.74,3,108.31
1365,108.31,3,105.55
1366,105.55,3,106.04
1367,106.04,3,109.67
1368,109.67,3,106.46
1369,106.46,3,106.4
1370,106.4,3,107.85
1371,107.85,3,103.39
1372,103.39,3,101.81
1373,101.81,3,101.04
1374,101.04,3,98.12
1375,98.12,3,110.03
1376,110.03,3,100.4
1377,100.4,3,102.89
1378,102.89,3,102.56
1379,102.56,3,104.15
1380,104.15,3,105.52
1381,105.52,3,105.49
1382,105.49,3,101.0
1383,101.0,3,102.08
1384,102.08,3,103.26
1385,103.26,3,101.51
1386,101.51,3,106.91
1387,106.91,3,103.39
1388,103.39,3,103.95
1389,103.95,3,103.57
1390,103.57,3,104.93
1391,104.93,3,101.78
1392,101.78,3,97.18
1393,97.18,3,102.1
1394,102.1,3,98.77
1395,98.77,3,98.96
1396,98.96,3,102.13
1397,102.13,3,103.91
1398,103.91,3,100.09
1399,100.09,3,100.77
1400,100.77,3,104.77
1401,104.77,3,100.21
1402,100.21,3,107.11
1403,107.11,3,100.82
1404,100.82,3,93.66
1405,93.66,3,101.02
1406,101.02,3,99.72
1407,99.72,3,102.26
1408,102.26,3,100.23
1409,100.23,3,97.61
1410,97.61,3,94.17
1411,94.17,3,97.03
1412,97.03,3,94.91
1413,94.91,3,95.54
1414,95.54,3,98.85
1415,98.85,3,101.91
1416,101.91,3,97.89
1417,97.89,3,92.93
1418,92.93,3,97.66
1419,97.66,3,99.72
1420,99.72,3,94.11
1421,94.11,3,95.34
1422,95.34,3,95.6
1423,95.6,3,93.0
1424,93.0,3,97.11
1425,97.11,3,94.6
1426,94.6,3,96.03
1427,96.03,3,91.91
1428,91.91,3,93.06
1429,93.06,3,96.34
1430,96.34,3,92.86
1431,92.86,3,98.96
1432,98.96,3,92.38
1433,92.38,3,94.05
1434,94.05,3,95.97
1435,95.97,3,88.71
1436,88.71,3,87.48
1437,87.48,3,87.99
1438,87.99,3,96.15
1439,96.15,3,90.5
1440,90.5,3,99.63
1441,99.63,3,70.78
1442,70.78,2,72.82
1443,72.82,2,76.69
1444,76.69,2,77.87
1445,77.87,2,77.83
1446,77.83,2,75.07
1447,75.07,2,74.31
1448,74.31,2,72.8
1449,72.8,2,73.15
1450,73.15,2,68.95
1451,68.95,2,67.94
1452,67.94,2,70.18
1453,70.18,2,69.47
1454,69.47,2,68.41
1455,68.41,2,71.64
1456,71.64,2,72.21
1457,72.21,2,69.39
1458,69.39,2,73.35
1459,73.35,2,65.28
1460,65.28,2,67.91
1461,67.91,2,66.13
1462,66.13,2,62.46
1463,62.46,2,67.6
1464,67.6,2,67.27
1465,67.27,2,71.96
1466,71.96,2,69.1
1467,69.1,2,63.92
1468,63.92,2,72.34
1469,72.34,2,70.22
1470,70.22,2,68.09
1471,68.09,2,65.45
1472,65.45,2,63.03
1473,63.03,2,64.58
1474,64.58,2,68.74
1475,68.74,2,70.91
1476,70.91,2,69.67
1477,69.67,2,63.36
1478,63.36,2,61.25
1479,61.25,2,64.81
1480,64.81,2,58.86
1481,58.86,2,64.92
1482,64.92,2,63.29
1483,63.29,2,62.11
1484,62.11,2,58.51
1485,58.51,2,64.62
1486,64.62,2,61.26
1487,61.26,2,59.13
1488,59.13,2,53.8
1489,53.8,2,62.12
1490,62.12,2,67.29
1491,67.29,2,66.74
1492,66.74,2,60.17
1493,60.17,2,59.51
1494,59.51,2,62.51
1495,62.51,2,57.88
1496,57.88,2,61.57
1497,61.57,2,62.74
1498,62.74,2,63.9
1499,63.9,2,59.7
1500,59.7,2,59.17
1501,59.17,2,56.93
1502,56.93,2,56.86
1503,56.86,2,58.44
1504,58.44,2,60.0
1505,60.0,2,61.42
1506,61.42,2,56.05
1507,56.05,2,62.72
1508,62.72,2,57.21
1509,57.21,2,57.74
1510,57.74,2,55.34
1511,55.34,2,50.09
1512,50.09,2,59.8
1513,59.8,2,59.14
1514,59.14,2,55.86
1515,55.86,2,56.69
1516,56.69,2,57.82
1517,57.82,2,51.36
1518,51.36,2,54.24
1519,54.24,2,58.0
1520,58.0,2,51.63
1521,51.63,2,56.06
1522,56.06,2,50.89
1523,50.89,2,56.14
1524,56.14,2,54.42
1525,54.42,2,49.46
1526,49.46,2,57.59
1527,57.59,2,51.67
1528,51.67,2,51.23
1529,51.23,2,54.04
1530,54.04,2,56.67
1531,56.67,2,49.96
1532,49.96,2,52.98
1533,52.98,2,53.87
1534,53.87,2,54.44
1535,54.44,2,52.68
1536,52.68,2,50.84
1537,50.84,2,49.24
1538,49.24,2,51.77
1539,51.77,2,48.08
1540,48.08,2,42.32
1541,42.32,2,52.18
1542,52.18,2,53.37
1543,53.37,2,43.36
1544,43.36,2,47.21
1545,47.21,2,51.88
1546,51.88,2,55.99
1547,55.99,2,49.67
1548,49.67,2,47.21
1549,47.21,2,48.64
1550,48.64,2,53.1
1551,53.1,2,46.83
1552,46.83,2,46.16
1553,46.16,2,46.9
1554,46.9,2,45.28
1555,45.28,2,48.31
1556,48.31,2,52.61
1557,52.61,2,48.49
1558,48.49,2,46.56
1559,46.56,2,46.24
1560,46.24,2,42.22
1561,42.22,2,49.36
1562,49.36,2,46.27
1563,46.27,2,45.76
1564,45.76,2,55.68
1565,55.68,2,46.79
1566,46.79,2,43.44
1567,43.44,2,44.22
1568,44.22,2,48.74
1569,48.74,2,45.44
1570,45.44,2,40.58
1571,40.58,2,47.46
1572,47.46,2,42.5
1573,42.5,2,49.93
1574,49.93,2,47.35
1575,47.35,2,42.57
1576,42.57,2,47.56
1577,47.56,2,43.73
1578,43.73,2,45.89
1579,45.89,2,44.59
1580,44.59,2,40.41
1581,40.41,2,40.82
1582,40.82,2,45.65
1583,45.65,2,41.37
1584,41.37,2,40.97
1585,40.97,2,39.13
1586,39.13,1,43.08
1587,43.08,2,47.81
1588,47.81,2,38.23
1589,38.23,1,41.32
1590,41.32,2,45.3
1591,45.3,2,40.64
1592,40.64,2,42.05
1593,42.05,2,37.32
1594,37.32,1,41.61
1595,41.61,2,39.58
1596,39.58,1,42.92
1597,42.92,2,43.35
1598,43.35,2,47.37
1599,47.37,2,41.17
1600,41.17,2,40.23
1601,40.23,2,39.66
1602,39.66,1,37.84
1603,37.84,1,39.74
1604,39.74,1,37.66
1605,37.66,1,38.88
1606,38.88,1,42.16
1607,42.16,2,35.01
1608,35.01,1,41.28
1609,41.28,2,41.64
1610,41.64,2,37.17
1611,37.17,1,30.99
1612,30.99,1,35.36
1613,35.36,1,40.91
1614,40.91,2,36.79
1615,36.79,1,33.69
1616,33.69,1,35.01
1617,35.01,1,38.89
1618,38.89,1,37.84
1619,37.84,1,35.32
1620,35.32,1,34.78
1621,34.78,1,34.55
1622,34.55,1,32.8
1623,32.8,1,40.25
1624,40.25,2,34.28
1625,34.28,1,38.75
1626,38.75,1,39.51
1627,39.51,1,37.78
1628,37.78,1,33.34
1629,33.34,1,35.7
1630,35.7,1,34.26
1631,34.26,1,31.48
1632,31.48,1,35.01
1633,35.01,1,30.35
1634,30.35,1,37.31
1635,37.31,1,32.21
1636,32.21,1,34.06
1637,34.06,1,34.16
1638,34.16,1,32.4
1639,32.4,1,34.79
1640,34.79,1,31.47
1641,31.47,1,35.37
1642,35.37,1,28.58
1643,28.58,1,32.86
1644,32.86,1,38.16
1645,38.16,1,29.21
1646,29.21,1,30.04
1647,30.04,1,33.49
1648,33.49,1,32.35
1649,32.35,1,32.74
1650,32.74,1,33.02
1651,33.02,1,33.33
1652,33.33,1,34.63
1653,34.63,1,32.41
1654,32.41,1,30.33
1655,30.33,1,32.95
1656,32.95,1,36.51
1657,36.51,1,30.29
1658,30.29,1,27.64
1659,27.64,1,33.77
1660,33.77,1,29.97
1661,29.97,1,23.7
1662,23.7,1,32.64
1663,32.64,1,28.38
1664,28.38,1,29.6
1665,29.6,1,30.76
1666,30.76,1,30.22
1667,30.22,1,31.67
1668,31.67,1,28.13
1669,28.13,1,30.87
1670,30.87,1,28.45
1671,28.45,1,31.34
1672,31.34,1,30.86
1673,30.86,1,26.11
1674,26.11,1,32.07
1675,32.07,1,27.11
1676,27.11,1,31.04
1677,31.04,1,29.62
1678,29.62,1,33.94
1679,33.94,1,27.66
1680,27.66,1,27.19
1681,27.19,1,28.09
1682,28.09,1,27.15
1683,27.15,1,30.37
1684,30.37,1,23.03
1685,23.03,1,24.63
1686,24.63,1,24.5
1687,24.5,1,30.47
1688,30.47,1,32.67
1689,32.67,1,27.14
1690,27.14,1,26.87
1691,26.87,1,27.51
1692,27.51,1,30.71
1693,30.71,1,24.36
1694,24.36,1,27.78
1695,27.78,1,29.92
1696,29.92,1,28.43
1697,28.43,1,27.42
1698,27.42,1,29.78
1699,29.78,1,20.0
1700,20.0,1,28.68
1701,28.68,1,24.62
1702,24.62,1,21.02
1703,21.02,1,27.99
1704,27.99,1,30.51
1705,30.51,1,25.92
1706,25.92,1,29.13
1707,29.13,1,31.05
1708,31.05,1,30.1
1709,30.1,1,31.02
1710,31.02,1,28.27
1711,28.27,1,26.22
1712,26.22,1,21.14
1713,21.14,1,25.15
1714,25.15,1,23.31
1715,23.31,1,32.31
1716,32.31,1,25.22
1717,25.22,1,26.07
1718,26.07,1,27.32
1719,27.32,1,25.75
1720,25.75,1,30.66
1721,30.66,1,23.67
1722,23.67,1,26.09
1723,26.09,1,23.24
1724,23.24,1,21.47
1725,21.47,1,23.56
1726,23.56,1,25.25
1727,25.25,1,24.05
1728,24.05,1,23.23
1729,23.23,1,21.06
1730,21.06,1,25.0
1731,25.0,1,20.71
1732,20.71,1,27.48
1733,27.48,1,25.42
1734,25.42,1,20.78
1735,20.78,1,24.21
1736,24.21,1,22.86
1737,22.86,1,26.06
1738,26.06,1,29.1
1739,29.1,1,20.0
1740,20.0,1,25.4
1741,25.4,1,24.56
1742,24.56,1,27.05
1743,27.05,1,25.66
1744,25.66,1,22.76
1745,22.76,1,24.05
1746,24.05,1,22.62
1747,22.62,1,28.23
1748,28.23,1,25.06
1749,25.06,1,30.7
1750,30.7,1,24.82
1751,24.82,1,22.88
1752,22.88,1,20.47
1753,20.47,1,20.0
1754,20.0,1,20.26
1755,20.26,1,25.83
1756,25.83,1,26.56
1757,26.56,1,20.3
1758,20.3,1,27.74
1759,27.74,1,23.62
1760,23.62,1,25.52
1761,25.52,1,29.94
1762,29.94,1,27.81
1763,27.81,1,24.33
1764,24.33,1,22.48
1765,22.48,1,20.0
1766,20.0,1,23.04
1767,23.04,1,24.59
1768,24.59,1,22.29
1769,22.29,1,24.88
1770,24.88,1,25.53
1771,25.53,1,24.66
1772,24.66,1,23.41
1773,23.41,1,25.9
1774,25.9,1,26.76
1775,26.76,1,22.19
1776,22.19,1,29.74
1777,29.74,1,25.24
1778,25.24,1,25.64
1779,25.64,1,27.74
1780,27.74,1,26.36
1781,26.36,1,28.56
1782,28.56,1,26.61
1783,26.61,1,23.96
1784,23.96,1,26.93
1785,26.93,1,22.46
1786,22.46,1,26.27
1787,26.27,1,25.89
1788,25.89,1,25.42
1789,25.42,1,25.71
1790,25.71,1,20.51
1791,20.51,1,24.57
1792,24.57,1,26.55
1793,26.55,1,26.81
1794,26.81,1,23.31
1795,23.31,1,30.25
1796,30.25,1,23.92
1797,23.92,1,29.49
1798,29.49,1,27.93
1799,27.93,1,24.77
1800,24.77,1,32.11
1801,32.11,1,23.27
1802,23.27,1,29.68
1803,29.68,1,30.0
1804,30.0,1,25.06
1805,25.06,1,31.32
1806,31.32,1,26.47
1807,26.47,1,28.16
1808,28.16,1,28.16
1809,28.16,1,27.05
1810,27.05,1,29.97
1811,29.97,1,30.0
1812,30.0,1,22.46
1813,22.46,1,31.7
1814,31.7,1,22.89
1815,22.89,1,31.06
1816,31.06,1,31.44
1817,31.44,1,24.87
1818,24.87,1,27.01
1819,27.01,1,25.01
1820,25.01,1,27.78
1821,27.78,1,27.6
1822,27.6,1,30.96
1823,30.96,1,32.65
1824,32.65,1,33.0
1825,33.0,1,27.23
1826,27.23,1,28.39
1827,28.39,1,24.07
1828,24.07,1,26.81
1829,26.81,1,32.22
1830,32.22,1,34.28
1831,34.28,1,25.84
1832,25.84,1,27.88
1833,27.88,1,29.68
1834,29.68,1,30.71
1835,30.71,1,27.56
1836,27.56,1,31.37
1837,31.37,1,28.79
1838,28.79,1,30.29
1839,30.29,1,32.09
1840,32.09,1,30.59
1841,30.59,1,29.38
1842,29.38,1,30.48
1843,30.48,1,30.66
1844,30.66,1,29.94
1845,29.94,1,30.4
1846,30.4,1,36.1
1847,36.1,1,33.11
1848,33.11,1,30.67
1849,30.67,1,33.78
1850,33.78,1,30.81
1851,30.81,1,35.46
1852,35.46,1,33.19
1853,33.19,1,31.89
1854,31.89,1,33.69
1855,33.69,1,27.77
1856,27.77,1,29.24
1857,29.24,1,29.17
1858,29.17,1,33.32
1859,33.32,1,38.23
1860,38.23,1,39.87
1861,39.87,1,35.23
1862,35.23,1,34.96
1863,34.96,1,28.2
1864,28.2,1,32.12
1865,32.12,1,31.53
1866,31.53,1,32.18
1867,32.18,1,33.68
1868,33.68,1,32.92
1869,32.92,1,28.55
1870,28.55,1,36.88
1871,36.88,1,31.57
1872,31.57,1,35.66
1873,35.66,1,41.32
1874,41.32,2,32.49
1875,32.49,1,27.82
1876,27.82,1,34.71
1877,34.71,1,39.03
1878,39.03,1,41.76
1879,41.76,2,32.35
1880,32.35,1,37.69
1881,37.69,1,34.97
1882,34.97,1,36.21
1883,36.21,1,44.62
1884,44.62,2,32.35
1885,32.35,1,37.78
1886,37.78,1,38.59
1887,38.59,1,40.61
1888,40.61,2,37.82
1889,37.82,1,38.61
1890,38.61,1,36.69
1891,36.69,1,38.84
1892,38.84,1,37.17
1893,37.17,1,40.24
1894,40.24,2,37.44
1895,37.44,1,39.85
1896,39.85,1,38.81
1897,38.81,1,42.45
1898,42.45,2,39.1
1899,39.1,1,34.11
1900,34.11,1,43.39
1901,43.39,2,37.07
1902,37.07,1,38.0
1903,38.0,1,38.36
1904,38.36,1,44.45
1905,44.45,2,34.1
1906,34.1,1,50.11
1907,50.11,2,44.04
1908,44.04,2,41.73
1909,41.73,2,41.08
1910,41.08,2,42.29
1911,42.29,2,43.18
1912,43.18,2,43.74
1913,43.74,2,43.66
1914,43.66,2,42.45
1915,42.45,2,41.78
1916,41.78,2,42.11
1917,42.11,2,42.17
1918,42.17,2,46.35
1919,46.35,2,44.92
1920,44.92,2,34.51
1921,34.51,1,45.49
1922,45.49,2,44.3
1923,44.3,2,43.86
1924,43.86,2,42.94
1925,42.94,2,47.68
1926,47.68,2,47.35
1927,47.35,2,42.38
1928,42.38,2,46.12
1929,46.12,2,42.18
1930,42.18,2,41.16
1931,41.16,2,43.62
1932,43.62,2,48.28
1933,48.28,2,48.76
1934,48.76,2,47.64
1935,47.64,2,48.48
1936,48.48,2,48.05
1937,48.05,2,44.78
1938,44.78,2,48.21
1939,48.21,2,49.52
1940,49.52,2,49.58
1941,49.58,2,51.09
1942,51.09,2,49.86
1943,49.86,2,48.99
1944,48.99,2,51.35
1945,51.35,2,48.27
1946,48.27,2,45.91
1947,45.91,2,48.28
1948,48.28,2,46.74
1949,46.74,2,47.16
1950,47.16,2,48.96
1951,48.96,2,47.23
1952,47.23,2,48.89
1953,48.89,2,44.34
1954,44.34,2,50.88
1955,50.88,2,50.45
1956,50.45,2,48.21
1957,48.21,2,52.85
1958,52.85,2,53.9
1959,53.9,2,46.47
1960,46.47,2,49.22
1961,49.22,2,49.42
1962,49.42,2,49.12
1963,49.12,2,54.64
1964,54.64,2,51.78
1965,51.78,2,51.79
1966,51.79,2,46.78
1967,46.78,2,54.92
1968,54.92,2,49.51
1969,49.51,2,53.62
1970,53.62,2,54.49
1971,54.49,2,57.96
1972,57.96,2,50.16
1973,50.16,2,45.25
1974,45.25,2,55.08
1975,55.08,2,60.14
1976,60.14,2,58.68
1977,58.68,2,55.81
1978,55.81,2,53.92
1979,53.92,2,58.03
1980,58.03,2,52.91
1981,52.91,2,57.48
1982,57.48,2,57.79
1983,57.79,2,59.67
1984,59.67,2,64.99
1985,64.99,2,58.1
1986,58.1,2,55.62
1987,55.62,2,57.29
1988,57.29,2,52.28
1989,52.28,2,55.72
1990,55.72,2,56.79
1991,56.79,2,56.67
1992,56.67,2,58.92
1993,58.92,2,56.21
1994,56.21,2,62.26
1995,62.26,2,59.12
1996,59.12,2,59.31
1997,59.31,2,58.58
1998,58.58,2,60.25
1999,60.25,2,62.48
2000,62.48,2,57.62
2001,57.62,2,58.47
2002,58.47,2,59.75
2003,59.75,2,56.84
2004,56.84,2,58.64
2005,58.64,2,59.89
2006,59.89,2,64.16
2007,64.16,2,62.55
2008,62.55,2,62.56
2009,62.56,2,64.75
2010,64.75,2,62.0
2011,62.0,2,63.81
2012,63.81,2,62.55
2013,62.55,2,63.87
2014,63.87,2,61.55
2015,61.55,2,56.2
2016,56.2,2,63.33
2017,63.33,2,68.22
2018,68.22,2,66.95
2019,66.95,2,67.28
2020,67.28,2,68.31
2021,68.31,2,65.09
2022,65.09,2,65.63
2023,65.63,2,63.4
2024,63.4,2,64.53
2025,64.53,2,67.54
2026,67.54,2,69.52
2027,69.52,2,65.71
2028,65.71,2,64.99
2029,64.99,2,66.56
2030,66.56,2,68.58
2031,68.58,2,62.66
2032,62.66,2,60.32
2033,60.32,2,65.77
2034,65.77,2,63.97
2035,63.97,2,66.33
2036,66.33,2,67.62
2037,67.62,2,66.92
2038,66.92,2,72.85
2039,72.85,2,69.68
2040,69.68,2,85.38
2041,85.38,3,86.55
2042,86.55,3,81.48
2043,81.48,3,88.23
2044,88.23,3,85.1
2045,85.1,3,87.55
2046,87.55,3,82.53
2047,82.53,3,81.29
2048,81.29,3,88.62
2049,88.62,3,87.5
2050,87.5,3,83.88
2051,83.88,3,84.18
2052,84.18,3,90.38
2053,90.38,3,83.64
2054,83.64,3,92.34
2055,92.34,3,84.92
2056,84.92,3,89.74
2057,89.74,3,87.05
2058,87.05,3,90.05
2059,90.05,3,86.81
2060,86.81,3,88.16
2061,88.16,3,88.97
2062,88.97,3,86.05
2063,86.05,3,91.48
2064,91.48,3,87.92
2065,87.92,3,88.97
2066,88.97,3,86.88
2067,86.88,3,82.37
2068,82.37,3,74.13
2069,74.13,2,82.14
2070,82.14,3,77.45
2071,77.45,2,75.24
2072,75.24,2,74.71
2073,74.71,2,75.76
2074,75.76,2,77.53
2075,77.53,2,72.54
2076,72.54,2,79.62
2077,79.62,2,78.62
2078,78.62,2,78.82
2079,78.82,2,78.18
2080,78.18,2,77.11
2081,77.11,2,79.26
2082,79.26,2,79.21
2083,79.21,2,76.56
2084,76.56,2,76.1
2085,76.1,2,78.31
2086,78.31,2,82.84
2087,82.84,3,74.66
2088,74.66,2,74.17
2089,74.17,2,79.25
2090,79.25,2,79.09
2091,79.09,2,79.64
2092,79.64,2,80.04
2093,80.04,3,78.82
2094,78.82,2,84.14
2095,84.14,3,75.05
2096,75.05,2,77.55
2097,77.55,2,79.91
2098,79.91,2,75.46
2099,75.46,2,80.04
2100,80.04,3,85.73
2101,85.73,3,80.99
2102,80.99,3,81.79
2103,81.79,3,77.5
2104,77.5,2,79.6
2105,79.6,2,80.5
2106,80.5,3,80.84
2107,80.84,3,85.81
2108,85.81,3,83.81
2109,83.81,3,78.98
2110,78.98,2,83.22
2111,83.22,3,84.14
2112,84.14,3,86.23
2113,86.23,3,87.72
2114,87.72,3,80.1
2115,80.1,3,80.88
2116,80.88,3,79.7
2117,79.7,2,82.93
2118,82.93,3,85.2
2119,85.2,3,86.92
2120,86.92,3,83.89
2121,83.89,3,83.32
2122,83.32,3,84.89
2123,84.89,3,82.09
2124,82.09,3,91.02
2125,91.02,3,80.08
2126,80.08,3,85.61
2127,85.61,3,91.28
2128,91.28,3,85.38
2129,85.38,3,84.94
2130,84.94,3,84.59
2131,84.59,3,85.27
2132,85.27,3,90.08
2133,90.08,3,79.47
2134,79.47,2,90.85
2135,90.85,3,82.13
2136,82.13,3,85.74
2137,85.74,3,85.4
2138,85.4,3,88.59
2139,88.59,3,82.17
2140,82.17,3,88.49
2141,88.49,3,93.32
2142,93.32,3,83.29
2143,83.29,3,88.09
2144,88.09,3,85.67
2145,85.67,3,89.07
2146,89.07,3,87.98
2147,87.98,3,86.13
2148,86.13,3,89.65
2149,89.65,3,93.73
2150,93.73,3,87.87
2151,87.87,3,90.73
2152,90.73,3,84.82
2153,84.82,3,85.95
2154,85.95,3,90.37
2155,90.37,3,93.52
2156,93.52,3,90.26
2157,90.26,3,88.37
2158,88.37,3,89.43
2159,89.43,3,85.8
2160,85.8,3,91.48
2161,91.48,3,92.43
2162,92.43,3,88.54
2163,88.54,3,88.6
2164,88.6,3,90.92
2165,90.92,3,88.93
2166,88.93,3,90.15
2167,90.15,3,96.76
2168,96.76,3,89.82
2169,89.82,3,89.6
2170,89.6,3,88.83
2171,88.83,3,93.11
2172,93.11,3,90.44
2173,90.44,3,89.14
2174,89.14,3,95.15
2175,95.15,3,95.54
2176,95.54,3,89.58
2177,89.58,3,85.88
2178,85.88,3,94.6
2179,94.6,3,89.62
2180,89.62,3,94.13
2181,94.13,3,85.94
2182,85.94,3,94.62
2183,94.62,3,88.4
2184,88.4,3,94.31
2185,94.31,3,92.25
2186,92.25,3,89.43
2187,89.43,3,91.16
2188,91.16,3,94.52
2189,94.52,3,92.86
2190,92.86,3,94.38
2191,94.38,3,98.63
2192,98.63,3,88.09
2193,88.09,3,97.71
2194,97.71,3,93.24
2195,93.24,3,90.31
2196,90.31,3,89.09
2197,89.09,3,92.58
2198,92.58,3,95.98
2199,95.98,3,92.9
2200,92.9,3,97.89
2201,97.89,3,89.07
2202,89.07,3,93.45
2203,93.45,3,89.79
2204,89.79,3,94.7
2205,94.7,3,96.33
2206,96.33,3,92.47
2207,92.47,3,85.98
2208,85.98,3,94.44
2209,94.44,3,95.21
2210,95.21,3,95.17
2211,95.17,3,97.71
2212,97.71,3,90.85
2213,90.85,3,96.15
2214,96.15,3,97.73
2215,97.73,3,88.87
2216,88.87,3,95.21
2217,95.21,3,92.78
2218,92.78,3,94.09
2219,94.09,3,95.42
2220,95.42,3,92.96
2221,92.96,3,92.43
2222,92.43,3,94.6
2223,94.6,3,91.27
2224,91.27,3,91.31
2225,91.31,3,96.64
2226,96.64,3,91.19
2227,91.19,3,96.67
2228,96.67,3,96.08
2229,96.08,3,89.55
2230,89.55,3,92.72
2231,92.72,3,98.36
2232,98.36,3,91.86
2233,91.86,3,93.43
2234,93.43,3,96.23
2235,96.23,3,97.21
2236,97.21,3,94.13
2237,94.13,3,93.11
2238,93.11,3,99.18
2239,99.18,3,100.15
2240,100.15,3,97.88
2241,97.88,3,95.21
2242,95.21,3,92.54
2243,92.54,3,92.48
2244,92.48,3,96.55
2245,96.55,3,96.24
2246,96.24,3,99.2
2247,99.2,3,96.95
2248,96.95,3,90.49
2249,90.49,3,98.16
2250,98.16,3,92.01
2251,92.01,3,93.85
2252,93.85,3,95.74
2253,95.74,3,100.98
2254,100.98,3,104.31
2255,104.31,3,96.8
2256,96.8,3,94.42
2257,94.42,3,96.56
2258,96.56,3,97.61
2259,97.61,3,93.97
2260,93.97,3,100.3
2261,100.3,3,95.59
2262,95.59,3,96.38
2263,96.38,3,96.86
2264,96.86,3,96.11
2265,96.11,3,97.34
2266,97.34,3,92.95
2267,92.95,3,93.1
2268,93.1,3,91.45
2269,91.45,3,96.04
2270,96.04,3,97.03
2271,97.03,3,96.04
2272,96.04,3,99.66
2273,99.66,3,94.59
2274,94.59,3,96.58
2275,96.58,3,91.26
2276,91.26,3,93.34
2277,93.34,3,96.55
2278,96.55,3,96.97
2279,96.97,3,93.5
2280,93.5,3,94.12
2281,94.12,3,89.74
2282,89.74,3,93.18
2283,93.18,3,96.88
2284,96.88,3,95.88
2285,95.88,3,95.61
2286,95.61,3,94.21
2287,94.21,3,94.03
2288,94.03,3,91.97
2289,91.97,3,96.0
2290,96.0,3,95.11
2291,95.11,3,95.26
2292,95.26,3,92.15
2293,92.15,3,87.21
2294,87.21,3,96.9
2295,96.9,3,92.11
2296,92.11,3,90.9
2297,90.9,3,95.5
2298,95.5,3,92.18
2299,92.18,3,96.47
2300,96.47,3,95.07
2301,95.07,3,95.2
2302,95.2,3,88.98
2303,88.98,3,96.64
2304,96.64,3,93.71
2305,93.71,3,91.75
2306,91.75,3,93.21
2307,93.21,3,87.37
2308,87.37,3,93.85
2309,93.85,3,89.45
2310,89.45,3,88.4
2311,88.4,3,87.81
2312,87.81,3,95.63
2313,95.63,3,90.32
2314,90.32,3,96.72
2315,96.72,3,90.43
2316,90.43,3,86.82
2317,86.82,3,88.5
2318,88.5,3,95.47
2319,95.47,3,91.2
2320,91.2,3,89.93
2321,89.93,3,91.96
2322,91.96,3,92.89
2323,92.89,3,94.64
2324,94.64,3,95.53
2325,95.53,3,90.01
2326,90.01,3,87.0
2327,87.0,3,89.64
2328,89.64,3,91.56
2329,91.56,3,87.78
2330,87.78,3,87.69
2331,87.69,3,91.49
2332,91.49,3,90.2
2333,90.2,3,90.34
2334,90.34,3,87.85
2335,87.85,3,89.32
2336,89.32,3,87.13
2337,87.13,3,92.46
2338,92.46,3,92.77
2339,92.77,3,84.01
2340,84.01,3,86.64
2341,86.64,3,84.82
2342,84.82,3,87.24
2343,87.24,3,88.82
2344,88.82,3,84.6
2345,84.6,3,86.06
2346,86.06,3,85.69
2347,85.69,3,89.19
2348,89.19,3,88.65
2349,88.65,3,86.15
2350,86.15,3,88.72
2351,88.72,3,86.41
2352,86.41,3,87.11
2353,87.11,3,92.81
2354,92.81,3,91.68
2355,91.68,3,83.62
2356,83.62,3,89.87
2357,89.87,3,89.68
2358,89.68,3,83.66
2359,83.66,3,89.42
2360,89.42,3,91.44
2361,91.44,3,83.32
2362,83.32,3,83.79
2363,83.79,3,89.45
2364,89.45,3,87.07
2365,87.07,3,87.76
2366,87.76,3,86.98
2367,86.98,3,86.99
2368,86.99,3,81.68
2369,81.68,3,88.66
2370,88.66,3,88.87
2371,88.87,3,84.52
2372,84.52,3,84.93
2373,84.93,3,80.31
2374,80.31,3,86.29
2375,86.29,3,86.31
2376,86.31,3,84.25
2377,84.25,3,87.65
2378,87.65,3,83.12
2379,83.12,3,85.65
2380,85.65,3,80.74
2381,80.74,3,83.57
2382,83.57,3,82.95
2383,82.95,3,83.99
2384,83.99,3,82.04
2385,82.04,3,82.59
2386,82.59,3,85.29
2387,85.29,3,81.34
2388,81.34,3,77.66
2389,77.66,2,87.56
2390,87.56,3,86.28
2391,86.28,3,78.09
2392,78.09,2,83.87
2393,83.87,3,80.12
2394,80.12,3,82.24
2395,82.24,3,82.16
2396,82.16,3,80.4
2397,80.4,3,78.58
2398,78.58,2,78.68
2399,78.68,2,77.82
2400,77.82,2,77.9
2401,77.9,2,80.01
2402,80.01,3,77.89
2403,77.89,2,81.9
2404,81.9,3,84.13
2405,84.13,3,77.75
2406,77.75,2,80.03
2407,80.03,3,80.62
2408,80.62,3,80.36
2409,80.36,3,78.98
2410,78.98,2,80.8
2411,80.8,3,79.83
2412,79.83,2,74.48
2413,74.48,2,80.61
2414,80.61,3,80.48
2415,80.48,3,75.34
2416,75.34,2,77.55
2417,77.55,2,79.3
2418,79.3,2,76.43
2419,76.43,2,80.08
2420,80.08,3,83.76
2421,83.76,3,74.12
2422,74.12,2,72.14
2423,72.14,2,77.0
2424,77.0,2,78.05
2425,78.05,2,75.0
2426,75.0,2,79.86
2427,79.86,2,71.28
2428,71.28,2,77.18
2429,77.18,2,73.08
2430,73.08,2,79.86
2431,79.86,2,80.48
2432,80.48,3,72.0
2433,72.0,2,72.45
2434,72.45,2,76.48
2435,76.48,2,72.54
2436,72.54,2,73.36
2437,73.36,2,73.37
2438,73.37,2,67.33
2439,67.33,2,72.84
2440,72.84,2,70.61
2441,70.61,2,71.0
2442,71.0,2,76.6
2443,76.6,2,68.29
2444,68.29,2,74.3
2445,74.3,2,70.81
2446,70.81,2,70.6
2447,70.6,2,73.6
2448,73.6,2,72.04
2449,72.04,2,72.53
2450,72.53,2,73.51
2451,73.51,2,69.4
2452,69.4,2,68.35
2453,68.35,2,66.72
2454,66.72,2,67.29
2455,67.29,2,78.4
2456,78.4,2,73.08
2457,73.08,2,65.08
2458,65.08,2,64.95
2459,64.95,2,70.15
2460,70.15,2,70.13
2461,70.13,2,69.92
2462,69.92,2,67.3
2463,67.3,2,67.47
2464,67.47,2,68.62
2465,68.62,2,67.68
2466,67.68,2,60.55
2467,60.55,2,66.3
2468,66.3,2,64.22
2469,64.22,2,67.08
2470,67.08,2,75.3
2471,75.3,2,67.23
2472,67.23,2,64.97
2473,64.97,2,68.46
2474,68.46,2,66.92
2475,66.92,2,66.52
2476,66.52,2,66.86
2477,66.86,2,70.99
2478,70.99,2,61.21
2479,61.21,2,65.81
2480,65.81,2,61.39
2481,61.39,2,65.62
2482,65.62,2,60.98
2483,60.98,2,62.26
2484,62.26,2,62.41
2485,62.41,2,66.0
2486,66.0,2,65.61
2487,65.61,2,58.9
2488,58.9,2,62.58
2489,62.58,2,60.07
2490,60.07,2,58.2
2491,58.2,2,61.11
2492,61.11,2,60.61
2493,60.61,2,68.6
2494,68.6,2,62.4
2495,62.4,2,56.75
2496,56.75,2,58.97
2497,58.97,2,63.5
2498,63.5,2,66.49
2499,66.49,2,55.24
2500,55.24,2,54.14
2501,54.14,2,65.17
2502,65.17,2,60.51
2503,60.51,2,56.52
2504,56.52,2,60.5
2505,60.5,2,50.77
2506,50.77,2,58.47
2507,58.47,2,59.22
2508,59.22,2,60.79
2509,60.79,2,54.76
2510,54.76,2,57.84
2511,57.84,2,54.59
2512,54.59,2,57.91
2513,57.91,2,54.24
2514,54.24,2,55.48
2515,55.48,2,53.5
2516,53.5,2,58.22
2517,58.22,2,58.63
2518,58.63,2,55.13
2519,55.13,2,55.73
2520,55.73,2,51.05
2521,51.05,2,54.28
2522,54.28,2,54.81
2523,54.81,2,62.6
2524,62.6,2,51.19
2525,51.19,2,58.7
2526,58.7,2,57.08
2527,57.08,2,54.72
2528,54.72,2,58.93
2529,58.93,2,54.56
2530,54.56,2,54.39
2531,54.39,2,52.85
2532,52.85,2,56.47
2533,56.47,2,55.87
2534,55.87,2,50.49
2535,50.49,2,48.19
2536,48.19,2,51.33
2537,51.33,2,49.32
2538,49.32,2,51.32
2539,51.32,2,55.01
2540,55.01,2,49.71
2541,49.71,2,50.74
2542,50.74,2,50.83
2543,50.83,2,52.99
2544,52.99,2,43.49
2545,43.49,2,48.2
2546,48.2,2,50.45
2547,50.45,2,53.2
2548,53.2,2,47.92
2549,47.92,2,43.55
2550,43.55,2,50.83
2551,50.83,2,46.86
2552,46.86,2,44.99
2553,44.99,2,46.48
2554,46.48,2,47.59
2555,47.59,2,62.33
2556,62.33,2,57.32
2557,57.32,2,83.05
2558,83.05,3,83.98
2559,83.98,3,81.91
2560,81.91,3,76.34
2561,76.34,2,78.94
2562,78.94,2,79.32
2563,79.32,2,80.94
2564,80.94,3,80.94
2565,80.94,3,76.53
2566,76.53,2,78.78
2567,78.78,2,79.71
2568,79.71,2,82.5
2569,82.5,3,80.05
2570,80.05,3,80.1
2571,80.1,3,77.79
2572,77.79,2,81.57
2573,81.57,3,78.37
2574,78.37,2,74.36
2575,74.36,2,80.96
2576,80.96,3,78.65
2577,78.65,2,75.03
2578,75.03,2,74.73
2579,74.73,2,76.87
2580,76.87,2,77.17
2581,77.17,2,76.18
2582,76.18,2,60.13
2583,60.13,2,64.11
2584,64.11,2,62.03
2585,62.03,2,59.2
2586,59.2,2,61.26
2587,61.26,2,55.15
2588,55.15,2,59.26
2589,59.26,2,63.31
2590,63.31,2,57.04
2591,57.04,2,54.97
2592,54.97,2,55.37
2593,55.37,2,53.87
2594,53.87,2,54.61
2595,54.61,2,55.67
2596,55.67,2,52.38
2597,52.38,2,56.47
2598,56.47,2,58.95
2599,58.95,2,53.34
2600,53.34,2,60.44
2601,60.44,2,57.24
2602,57.24,2,58.62
2603,58.62,2,53.38
2604,53.38,2,57.75
2605,57.75,2,51.73
2606,51.73,2,57.51
2607,57.51,2,55.18
2608,55.18,2,56.15
2609,56.15,2,50.8
2610,50.8,2,51.47
2611,51.47,2,55.78
2612,55.78,2,50.97
2613,50.97,2,55.04
2614,55.04,2,49.39
2615,49.39,2,55.87
2616,55.87,2,49.46
2617,49.46,2,54.65
2618,54.65,2,38.08
2619,38.08,1,33.95
2620,33.95,1,37.63
2621,37.63,1,36.5
2622,36.5,1,33.95
2623,33.95,1,32.38
2624,32.38,1,29.36
2625,29.36,1,36.15
2626,36.15,1,30.25
2627,30.25,1,35.08
2628,35.08,1,33.85
2629,33.85,1,36.52
2630,36.52,1,33.43
2631,33.43,1,33.2
2632,33.2,1,36.23
2633,36.23,1,34.9
2634,34.9,1,34.69
2635,34.69,1,35.01
2636,35.01,1,28.85
2637,28.85,1,35.58
2638,35.58,1,35.01
2639,35.01,1,29.98
2640,29.98,1,32.16
2641,32.16,1,32.64
2642,32.64,1,32.21
2643,32.21,1,33.48
2644,33.48,1,36.64
2645,36.64,1,35.46
2646,35.46,1,28.14
2647,28.14,1,33.81
2648,33.81,1,35.8
2649,35.8,1,32.84
2650,32.84,1,34.83
2651,34.83,1,37.46
2652,37.46,1,34.37
2653,34.37,1,31.92
2654,31.92,1,34.19
2655,34.19,1,31.36
2656,31.36,1,30.88
2657,30.88,1,29.63
2658,29.63,1,35.26
2659,35.26,1,27.99
2660,27.99,1,34.93
2661,34.93,1,31.71
2662,31.71,1,25.9
2663,25.9,1,31.09
2664,31.09,1,23.57
2665,23.57,1,31.64
2666,31.64,1,32.31
2667,32.31,1,27.77
2668,27.77,1,29.81
2669,29.81,1,35.19
2670,35.19,1,27.71
2671,27.71,1,25.94
2672,25.94,1,33.46
2673,33.46,1,34.8
2674,34.8,1,28.83
2675,28.83,1,31.75
2676,31.75,1,32.64
2677,32.64,1,26.29
2678,26.29,1,26.97
2679,26.97,1,32.02
2680,32.02,1,33.29
2681,33.29,1,29.83
2682,29.83,1,25.42
2683,25.42,1,33.93
2684,33.93,1,26.29
2685,26.29,1,26.79
2686,26.79,1,28.73
2687,28.73,1,32.28
2688,32.28,1,30.1
2689,30.1,1,28.7
2690,28.7,1,28.77
2691,28.77,1,27.43
2692,27.43,1,28.9
2693,28.9,1,20.0
2694,20.0,1,26.18
2695,26.18,1,27.72
2696,27.72,1,23.47
2697,23.47,1,28.01
2698,28.01,1,26.17
2699,26.17,1,31.98
2700,31.98,1,31.36
2701,31.36,1,25.18
2702,25.18,1,26.06
2703,26.06,1,26.23
2704,26.23,1,25.03
2705,25.03,1,26.91
2706,26.91,1,23.99
2707,23.99,1,22.82
2708,22.82,1,28.02
2709,28.02,1,27.99
2710,27.99,1,23.63
2711,23.63,1,28.68
2712,28.68,1,24.05
2713,24.05,1,26.65
2714,26.65,1,28.3
2715,28.3,1,25.69
2716,25.69,1,27.11
2717,27.11,1,24.16
2718,24.16,1,25.07
2719,25.07,1,25.0
2720,25.0,1,23.34
2721,23.34,1,25.01
2722,25.01,1,20.86
2723,20.86,1,23.99
2724,23.99,1,24.58
2725,24.58,1,24.63
2726,24.63,1,24.64
2727,24.64,1,25.15
2728,25.15,1,26.74
2729,26.74,1,27.9
2730,27.9,1,23.3
2731,23.3,1,21.61
2732,21.61,1,22.07
2733,22.07,1,45.7
2734,45.7,2,46.09
2735,46.09,2,44.81
2736,44.81,2,43.22
2737,43.22,2,45.72
2738,45.72,2,47.62
2739,47.62,2,48.84
2740,48.84,2,45.37
2741,45.37,2,45.79
2742,45.79,2,44.24
2743,44.24,2,46.92
2744,46.92,2,44.46
2745,44.46,2,48.72
2746,48.72,2,64.78
2747,64.78,2,69.06
2748,69.06,2,71.04
2749,71.04,2,70.69
2750,70.69,2,78.22
2751,78.22,2,71.19
2752,71.19,2,67.13
2753,67.13,2,69.86
2754,69.86,2,64.82
2755,64.82,2,69.92
2756,69.92,2,67.67
2757,67.67,2,72.93
2758,72.93,2,68.54
2759,68.54,2,69.85
2760,69.85,2,68.31
2761,68.31,2,75.45
2762,75.45,2,69.29
2763,69.29,2,75.77
2764,75.77,2,72.73
2765,72.73,2,71.76
2766,71.76,2,71.44
2767,71.44,2,71.54
2768,71.54,2,64.6
2769,64.6,2,69.57
2770,69.57,2,72.98
2771,72.98,2,70.32
2772,70.32,2,66.28
2773,66.28,2,70.38
2774,70.38,2,75.68
2775,75.68,2,74.34
2776,74.34,2,70.45
2777,70.45,2,73.53
2778,73.53,2,69.62
2779,69.62,2,65.64
2780,65.64,2,68.02
2781,68.02,2,75.53
2782,75.53,2,70.06
2783,70.06,2,70.2
2784,70.2,2,70.08
2785,70.08,2,76.74
2786,76.74,2,75.96
2787,75.96,2,77.78
2788,77.78,2,70.7
2789,70.7,2,72.12
2790,72.12,2,66.74
2791,66.74,2,75.78
2792,75.78,2,67.9
2793,67.9,2,72.11
2794,72.11,2,68.23
2795,68.23,2,69.82
2796,69.82,2,69.14
2797,69.14,2,69.89
2798,69.89,2,70.16
2799,70.16,2,70.2
2800,70.2,2,74.42
2801,74.42,2,68.67
2802,68.67,2,72.72
2803,72.72,2,75.78
2804,75.78,2,70.67
2805,70.67,2,70.13
2806,70.13,2,71.66
2807,71.66,2,75.97
2808,75.97,2,73.1
2809,73.1,2,71.0
2810,71.0,2,74.13
2811,74.13,2,69.45
2812,69.45,2,74.89
2813,74.89,2,74.15
2814,74.15,2,50.1
2815,50.1,2,48.6
2816,48.6,2,48.54
2817,48.54,2,52.9
2818,52.9,2,55.07
2819,55.07,2,49.57
2820,49.57,2,52.95
2821,52.95,2,45.41
2822,45.41,2,50.01
2823,50.01,2,51.77
2824,51.77,2,49.23
2825,49.23,2,49.25
2826,49.25,2,50.16
2827,50.16,2,53.14
2828,53.14,2,51.81
2829,51.81,2,45.76
2830,45.76,2,46.22
2831,46.22,2,50.87
2832,50.87,2,54.17
2833,54.17,2,44.67
2834,44.67,2,51.52
2835,51.52,2,51.55
2836,51.55,2,57.41
2837,57.41,2,52.21
2838,52.21,2,54.63
2839,54.63,2,54.02
2840,54.02,2,47.32
2841,47.32,2,56.14
2842,56.14,2,54.6
2843,54.6,2,55.6
2844,55.6,2,65.98
2845,65.98,2,24.92
2846,24.92,1,36.48
2847,36.48,1,30.57
2848,30.57,1,32.42
2849,32.42,1,31.55
2850,31.55,1,30.54
2851,30.54,1,30.24
2852,30.24,1,33.07
2853,33.07,1,27.66
2854,27.66,1,34.6
2855,34.6,1,31.23
2856,31.23,1,29.23
2857,29.23,1,31.4
2858,31.4,1,36.66
2859,36.66,1,31.43
2860,31.43,1,34.25
2861,34.25,1,31.12
2862,31.12,1,35.73
2863,35.73,1,35.66
2864,35.66,1,39.29
2865,39.29,1,33.37
2866,33.37,1,36.05
2867,36.05,1,34.48
2868,34.48,1,38.22
2869,38.22,1,32.33
2870,32.33,1,36.87
2871,36.87,1,34.21
2872,34.21,1,34.75
2873,34.75,1,35.37
2874,35.37,1,36.01
2875,36.01,1,35.06
2876,35.06,1,36.21
2877,36.21,1,40.46
2878,40.46,2,38.84
2879,38.84,1,38.65
2880,38.65,1,34.84
2881,34.84,1,33.7
2882,33.7,1,39.39
2883,39.39,1,39.32
2884,39.32,1,41.27
2885,41.27,2,35.21
2886,35.21,1,36.5
2887,36.5,1,47.9
2888,47.9,2,51.81
2889,51.81,2,56.14
2890,56.14,2,51.92
2891,51.92,2,55.42
2892,55.42,2,53.1
2893,53.1,2,54.81
2894,54.81,2,50.57
2895,50.57,2,54.44
2896,54.44,2,45.39
2897,45.39,2,53.98
2898,53.98,2,49.82
2899,49.82,2,58.51
2900,58.51,2,57.4
2901,57.4,2,56.65
2902,56.65,2,59.99
2903,59.99,2,52.76
2904,52.76,2,61.03
2905,61.03,2,58.77
2906,58.77,2,55.45
2907,55.45,2,59.75
2908,59.75,2,53.21
2909,53.21,2,54.24
2910,54.24,2,55.07
2911,55.07,2,55.5
2912,55.5,2,54.1
2913,54.1,2,61.13
2914,61.13,2,56.87
2915,56.87,2,58.89
2916,58.89,2,56.32
2917,56.32,2,52.76
2918,52.76,2,59.22
2919,59.22,2,52.87
2920,52.87,2,58.59
2921,58.59,2,54.88
2922,54.88,2,65.15
2923,65.15,2,62.11
2924,62.11,2,59.89
2925,59.89,2,63.56
2926,63.56,2,57.43
2927,57.43,2,61.8
2928,61.8,2,60.96
2929,60.96,2,61.35
2930,61.35,2,64.58
2931,64.58,2,63.16
2932,63.16,2,62.03
2933,62.03,2,56.4
2934,56.4,2,58.68
2935,58.68,2,61.4
2936,61.4,2,62.25
2937,62.25,2,58.78
2938,58.78,2,69.61
2939,69.61,2,67.13
2940,67.13,2,64.59
2941,64.59,2,63.21
2942,63.21,2,62.56
2943,62.56,2,60.55
2944,60.55,2,63.84
2945,63.84,2,49.12
2946,49.12,2,44.83
2947,44.83,2,49.77
2948,49.77,2,48.51
2949,48.51,2,43.46
2950,43.46,2,46.81
2951,46.81,2,48.36
2952,48.36,2,55.48
2953,55.48,2,51.69
2954,51.69,2,46.23
2955,46.23,2,51.9
2956,51.9,2,46.02
2957,46.02,2,54.12
2958,54.12,2,49.67
2959,49.67,2,51.01
2960,51.01,2,55.49
2961,55.49,2,47.86
2962,47.86,2,47.75
2963,47.75,2,50.4
2964,50.4,2,55.48
2965,55.48,2,48.02
2966,48.02,2,44.3
2967,44.3,2,51.66
2968,51.66,2,54.88
2969,54.88,2,57.04
2970,57.04,2,52.27
2971,52.27,2,52.64
2972,52.64,2,57.55
2973,57.55,2,48.7
2974,48.7,2,53.36
2975,53.36,2,55.31
2976,55.31,2,56.31
2977,56.31,2,53.65
2978,53.65,2,55.5
2979,55.5,2,48.15
2980,48.15,2,53.86
2981,53.86,2,57.41
2982,57.41,2,53.32
2983,53.32,2,56.66
2984,56.66,2,58.05
2985,58.05,2,55.9
2986,55.9,2,57.66
2987,57.66,2,54.48
2988,54.48,2,56.96
2989,56.96,2,59.63
2990,59.63,2,58.49
2991,58.49,2,56.48
2992,56.48,2,59.13
2993,59.13,2,60.82
2994,60.82,2,52.75
2995,52.75,2,62.6
2996,62.6,2,58.33
2997,58.33,2,60.84
2998,60.84,2,63.37
2999,63.37,2,55.88
3000,55.88,2,58.09
3001,58.09,2,59.57
3002,59.57,2,58.31
3003,58.31,2,66.08
3004,66.08,2,58.53
3005,58.53,2,59.65
3006,59.65,2,62.15
3007,62.15,2,58.15
3008,58.15,2,60.79
3009,60.79,2,63.15
3010,63.15,2,61.42
3011,61.42,2,62.36
3012,62.36,2,61.27
3013,61.27,2,58.53
3014,58.53,2,64.26
3015,64.26,2,68.78
3016,68.78,2,63.79
3017,63.79,2,64.63
3018,64.63,2,66.25
3019,66.25,2,60.58
3020,60.58,2,69.71
3021,69.71,2,65.43
3022,65.43,2,69.94
3023,69.94,2,63.06
3024,63.06,2,70.93
3025,70.93,2,68.02
3026,68.02,2,67.57
3027,67.57,2,66.83
3028,66.83,2,65.6
3029,65.6,2,70.16
3030,70.16,2,67.2
3031,67.2,2,61.09
3032,61.09,2,63.85
3033,63.85,2,66.86
3034,66.86,2,68.57
3035,68.57,2,67.68
3036,67.68,2,71.72
3037,71.72,2,62.42
3038,62.42,2,68.92
3039,68.92,2,63.25
3040,63.25,2,71.2
3041,71.2,2,68.85
3042,68.85,2,70.6
3043,70.6,2,66.96
3044,66.96,2,73.6
3045,73.6,2,73.1
3046,73.1,2,71.94
3047,71.94,2,70.01
3048,70.01,2,72.35
3049,72.35,2,68.69
3050,68.69,2,73.59
3051,73.59,2,76.18
3052,76.18,2,74.65
3053,74.65,2,69.46
3054,69.46,2,72.94
3055,72.94,2,68.18
3056,68.18,2,73.99
3057,73.99,2,73.83
3058,73.83,2,67.07
3059,67.07,2,69.4
3060,69.4,2,72.24
3061,72.24,2,72.39
3062,72.39,2,69.87
3063,69.87,2,74.87
3064,74.87,2,74.65
3065,74.65,2,73.52
3066,73.52,2,72.04
3067,72.04,2,77.65
3068,77.65,2,79.67
3069,79.67,2,73.45
3070,73.45,2,73.26
3071,73.26,2,76.77
3072,76.77,2,96.7
3073,96.7,3,97.55
3074,97.55,3,100.39
3075,100.39,3,92.64
3076,92.64,3,102.51
3077,102.51,3,98.97
3078,98.97,3,97.71
3079,97.71,3,98.87
3080,98.87,3,99.22
3081,99.22,3,94.33
3082,94.33,3,104.2
3083,104.2,3,100.03
3084,100.03,3,101.42
3085,101.42,3,103.14
3086,103.14,3,97.41
3087,97.41,3,102.08
3088,102.08,3,100.04
3089,100.04,3,103.57
3090,103.57,3,94.84
3091,94.84,3,101.1
3092,101.1,3,99.78
3093,99.78,3,103.07
3094,103.07,3,103.36
3095,103.36,3,100.01
3096,100.01,3,100.18
3097,100.18,3,79.88
3098,79.88,2,77.7
3099,77.7,2,83.1
3100,83.1,3,79.64
3101,79.64,2,72.21
3102,72.21,2,79.98
3103,79.98,2,78.16
3104,78.16,2,76.56
3105,76.56,2,77.91
3106,77.91,2,82.13
3107,82.13,3,85.96
3108,85.96,3,83.08
3109,83.08,3,80.49
3110,80.49,3,83.85
3111,83.85,3,81.27
3112,81.27,3,80.73
3113,80.73,3,79.52
3114,79.52,2,77.89
3115,77.89,2,82.14
3116,82.14,3,83.95
3117,83.95,3,83.35
3118,83.35,3,82.55
3119,82.55,3,81.12
3120,81.12,3,85.94
3121,85.94,3,80.33
3122,80.33,3,86.76
3123,86.76,3,81.59
3124,81.59,3,82.49
3125,82.49,3,80.5
3126,80.5,3,83.55
3127,83.55,3,88.14
3128,88.14,3,86.91
3129,86.91,3,88.45
3130,88.45,3,87.23
3131,87.23,3,82.5
3132,82.5,3,84.97
3133,84.97,3,83.77
3134,83.77,3,90.25
3135,90.25,3,82.81
3136,82.81,3,89.22
3137,89.22,3,89.36
3138,89.36,3,92.32
3139,92.32,3,85.74
3140,85.74,3,89.24
3141,89.24,3,94.09
3142,94.09,3,85.53
3143,85.53,3,82.91
3144,82.91,3,82.02
3145,82.02,3,89.93
3146,89.93,3,82.27
3147,82.27,3,86.94
3148,86.94,3,89.5
3149,89.5,3,88.87
3150,88.87,3,89.72
3151,89.72,3,110.62
3152,110.62,3,113.91
3153,113.91,3,107.34
3154,107.34,3,108.3
3155,108.3,3,108.13
3156,108.13,3,113.06
3157,113.06,3,113.39
3158,113.39,3,112.16
3159,112.16,3,114.48
3160,114.48,3,107.51
3161,107.51,3,116.16
3162,116.16,3,115.85
3163,115.85,3,113.6
3164,113.6,3,116.85
3165,116.85,3,106.65
3166,106.65,3,110.15
3167,110.15,3,109.63
3168,109.63,3,114.11
3169,114.11,3,108.9
3170,108.9,3,114.43
3171,114.43,3,116.37
3172,116.37,3,114.45
3173,114.45,3,113.31
3174,113.31,3,109.6
3175,109.6,3,110.12
3176,110.12,3,116.51
3177,116.51,3,115.2
3178,115.2,3,112.84
3179,112.84,3,111.79
3180,111.79,3,107.06
3181,107.06,3,110.02
3182,110.02,3,119.06
3183,119.06,3,109.57
3184,109.57,3,114.07
3185,114.07,3,116.61
3186,116.61,3,109.91
3187,109.91,3,114.31
3188,114.31,3,116.65
3189,116.65,3,113.96
3190,113.96,3,122.61
3191,122.61,4,109.07
3192,109.07,3,117.33
3193,117.33,3,113.72
3194,113.72,3,116.62
3195,116.62,3,115.71
3196,115.71,3,112.26
3197,112.26,3,115.21
3198,115.21,3,109.02
3199,109.02,3,116.47
3200,116.47,3,115.63
3201,115.63,3,116.71
3202,116.71,3,118.04
3203,118.04,3,116.03
3204,116.03,3,115.43
3205,115.43,3,112.41
3206,112.41,3,91.59
3207,91.59,3,97.35
3208,97.35,3,98.15
3209,98.15,3,93.19
3210,93.19,3,94.09
3211,94.09,3,91.29
3212,91.29,3,97.58
3213,97.58,3,96.1
3214,96.1,3,99.98
3215,99.98,3,91.57
3216,91.57,3,93.12
3217,93.12,3,94.99
3218,94.99,3,96.28
3219,96.28,3,93.73
3220,93.73,3,91.8
3221,91.8,3,97.1
3222,97.1,3,96.66
3223,96.66,3,91.79
3224,91.79,3,98.64
3225,98.64,3,98.11
3226,98.11,3,95.04
3227,95.04,3,94.9
3228,94.9,3,96.36
3229,96.36,3,92.14
3230,92.14,3,94.84
3231,94.84,3,88.32
3232,88.32,3,97.43
3233,97.43,3,90.14
3234,90.14,3,99.35
3235,99.35,3,93.87
3236,93.87,3,94.25
3237,94.25,3,93.02
3238,93.02,3,94.05
3239,94.05,3,99.19
3240,99.19,3,87.48
3241,87.48,3,98.79
3242,98.79,3,95.98
3243,95.98,3,91.35
3244,91.35,3,91.76
3245,91.76,3,100.02
3246,100.02,3,92.16
3247,92.16,3,91.54
3248,91.54,3,98.41
3249,98.41,3,96.02
3250,96.02,3,92.19
3251,92.19,3,95.65
3252,95.65,3,91.92
3253,91.92,3,98.29
3254,98.29,3,98.17
3255,98.17,3,96.57
3256,96.57,3,96.05
3257,96.05,3,100.24
3258,100.24,3,94.94
3259,94.94,3,91.39
3260,91.39,3,96.26
3261,96.26,3,101.16
3262,101.16,3,91.84
3263,91.84,3,93.78
3264,93.78,3,96.09
3265,96.09,3,94.66
3266,94.66,3,91.85
3267,91.85,3,98.14
3268,98.14,3,101.71
3269,101.71,3,95.31
3270,95.31,3,91.98
3271,91.98,3,90.02
3272,90.02,3,95.41
3273,95.41,3,97.91
3274,97.91,3,95.99
3275,95.99,3,94.53
3276,94.53,3,92.73
3277,92.73,3,91.18
3278,91.18,3,96.92
3279,96.92,3,97.12
3280,97.12,3,89.7
3281,89.7,3,99.06
3282,99.06,3,95.97
3283,95.97,3,98.4
3284,98.4,3,90.13
3285,90.13,3,90.01
3286,90.01,3,93.61
3287,93.61,3,95.52
3288,95.52,3,99.34
3289,99.34,3,96.02
3290,96.02,3,93.12
3291,93.12,3,90.71
3292,90.71,3,97.42
3293,97.42,3,90.78
3294,90.78,3,98.5
3295,98.5,3,92.7
3296,92.7,3,98.26
3297,98.26,3,95.46
3298,95.46,3,92.94
3299,92.94,3,91.73
3300,91.73,3,92.2
3301,92.2,3,94.43
3302,94.43,3,93.31
3303,93.31,3,91.22
3304,91.22,3,92.43
3305,92.43,3,93.09
3306,93.09,3,86.39
3307,86.39,3,94.08
3308,94.08,3,89.68
3309,89.68,3,89.08
3310,89.08,3,87.4
3311,87.4,3,87.0
3312,87.0,3,88.23
3313,88.23,3,90.08
3314,90.08,3,97.98
3315,97.98,3,90.46
3316,90.46,3,92.48
3317,92.48,3,93.06
3318,93.06,3,92.16
3319,92.16,3,91.44
3320,91.44,3,87.99
3321,87.99,3,95.83
3322,95.83,3,96.8
3323,96.8,3,86.24
3324,86.24,3,88.11
3325,88.11,3,90.25
3326,90.25,3,88.09
3327,88.09,3,92.4
3328,92.4,3,88.59
3329,88.59,3,97.17
3330,97.17,3,94.14
3331,94.14,3,91.09
3332,91.09,3,93.43
3333,93.43,3,93.56
3334,93.56,3,88.43
3335,88.43,3,87.56
3336,87.56,3,90.13
3337,90.13,3,92.37
3338,92.37,3,90.09
3339,90.09,3,84.82
3340,84.82,3,87.02
3341,87.02,3,124.06
3342,124.06,4,123.93
3343,123.93,4,129.95
3344,129.95,4,119.76
3345,119.76,3,125.31
3346,125.31,4,128.13
3347,128.13,4,130.35
3348,130.35,4,122.2
3349,122.2,4,124.76
3350,124.76,4,124.86
3351,124.86,4,123.61
3352,123.61,4,122.59
3353,122.59,4,124.06
3354,124.06,4,115.02
3355,115.02,3,124.53
3356,124.53,4,122.73
3357,122.73,4,121.54
3358,121.54,4,128.21
3359,128.21,4,119.91
3360,119.91,3,120.58
3361,120.58,4,127.63
3362,127.63,4,119.01
3363,119.01,3,119.71
3364,119.71,3,120.78
3365,120.78,4,123.6
3366,123.6,4,121.55
3367,121.55,4,116.9
3368,116.9,3,119.03
3369,119.03,3,118.66
3370,118.66,3,120.1
3371,120.1,4,121.45
3372,121.45,4,121.28
3373,121.28,4,114.54
3374,114.54,3,122.91
3375,122.91,4,120.32
3376,120.32,4,123.55
3377,123.55,4,120.58
3378,120.58,4,122.39
3379,122.39,4,120.32
3380,120.32,4,122.8
3381,122.8,4,120.17
3382,120.17,4,118.15
3383,118.15,3,125.09
3384,125.09,4,120.78
3385,120.78,4,119.67
3386,119.67,3,113.95
3387,113.95,3,113.75
3388,113.75,3,118.32
3389,118.32,3,117.71
3390,117.71,3,115.26
3391,115.26,3,117.36
3392,117.36,3,121.53
3393,121.53,4,118.68
3394,118.68,3,112.99
3395,112.99,3,115.91
3396,115.91,3,113.65
3397,113.65,3,114.73
3398,114.73,3,114.47
3399,114.47,3,114.11
3400,114.11,3,111.59
3401,111.59,3,114.8
3402,114.8,3,113.32
3403,113.32,3,106.03
3404,106.03,3,120.8
3405,120.8,4,117.72
3406,117.72,3,113.14
3407,113.14,3,114.15
3408,114.15,3,110.39
3409,110.39,3,118.81
3410,118.81,3,119.23
3411,119.23,3,113.82
3412,113.82,3,116.23
3413,116.23,3,113.5
3414,113.5,3,108.77
3415,108.77,3,111.36
3416,111.36,3,112.8
3417,112.8,3,110.85
3418,110.85,3,111.36
3419,111.36,3,111.55
3420,111.55,3,111.39
3421,111.39,3,111.6
3422,111.6,3,108.06
3423,108.06,3,108.9
3424,108.9,3,107.0
3425,107.0,3,113.59
3426,113.59,3,104.15
3427,104.15,3,113.73
3428,113.73,3,114.23
3429,114.23,3,108.96
3430,108.96,3,101.86
3431,101.86,3,108.38
3432,108.38,3,74.11
3433,74.11,2,71.07
3434,71.07,2,72.35
3435,72.35,2,78.29
3436,78.29,2,75.49
3437,75.49,2,70.52
3438,70.52,2,68.3
3439,68.3,2,71.9
3440,71.9,2,72.04
3441,72.04,2,73.96
3442,73.96,2,70.66
3443,70.66,2,111.38
3444,111.38,3,115.44
3445,115.44,3,111.88
3446,111.88,3,109.08
3447,109.08,3,108.46
3448,108.46,3,107.74
3449,107.74,3,112.14
3450,112.14,3,106.51
3451,106.51,3,108.31
3452,108.31,3,108.12
3453,108.12,3,106.25
3454,106.25,3,103.43
3455,103.43,3,108.3
3456,108.3,3,106.94
3457,106.94,3,108.41
3458,108.41,3,105.1
3459,105.1,3,110.15
3460,110.15,3,103.64
3461,103.64,3,111.19
3462,111.19,3,100.6
3463,100.6,3,106.93
3464,106.93,3,106.84
3465,106.84,3,102.81
3466,102.81,3,106.26
3467,106.26,3,108.61
3468,108.61,3,97.9
3469,97.9,3,105.85
3470,105.85,3,96.64
3471,96.64,3,101.01
3472,101.01,3,108.58
3473,108.58,3,101.73
3474,101.73,3,99.73
3475,99.73,3,102.45
3476,102.45,3,109.03
3477,109.03,3,97.11
3478,97.11,3,99.23
3479,99.23,3,106.66
3480,106.66,3,107.52
3481,107.52,3,101.42
3482,101.42,3,97.8
3483,97.8,3,107.58
3484,107.58,3,105.86
3485,105.86,3,102.89
3486,102.89,3,60.42
3487,60.42,2,62.49
3488,62.49,2,61.94
3489,61.94,2,63.19
3490,63.19,2,66.33
3491,66.33,2,64.4
3492,64.4,2,58.31
3493,58.31,2,65.45
3494,65.45,2,62.04
3495,62.04,2,62.94
3496,62.94,2,65.06
3497,65.06,2,57.11
3498,57.11,2,60.11
3499,60.11,2,58.41
3500,58.41,2,55.08
3501,55.08,2,60.6
3502,60.6,2,66.87
3503,66.87,2,53.6
3504,53.6,2,58.8
3505,58.8,2,60.6
3506,60.6,2,58.83
3507,58.83,2,57.9
3508,57.9,2,54.12
3509,54.12,2,58.5
3510,58.5,2,55.31
3511,55.31,2,50.79
3512,50.79,2,60.73
3513,60.73,2,59.8
3514,59.8,2,56.86
3515,56.86,2,57.17
3516,57.17,2,59.49
3517,59.49,2,56.72
3518,56.72,2,58.54
3519,58.54,2,54.72
3520,54.72,2,59.33
3521,59.33,2,56.14
3522,56.14,2,55.54
3523,55.54,2,50.93
3524,50.93,2,55.39
3525,55.39,2,51.81
3526,51.81,2,52.18
3527,52.18,2,51.43
3528,51.43,2,50.46
3529,50.46,2,59.82
3530,59.82,2,57.22
3531,57.22,2,58.77
3532,58.77,2,49.13
3533,49.13,2,52.79
3534,52.79,2,48.48
3535,48.48,2,50.06
3536,50.06,2,49.18
3537,49.18,2,55.44
3538,55.44,2,50.32
3539,50.32,2,54.5
3540,54.5,2,52.9
3541,52.9,2,57.78
3542,57.78,2,46.22
3543,46.22,2,54.22
3544,54.22,2,53.67
3545,53.67,2,47.1
3546,47.1,2,52.84
3547,52.84,2,50.61
3548,50.61,2,48.71
3549,48.71,2,46.71
3550,46.71,2,46.82
3551,46.82,2,54.92
3552,54.92,2,48.56
3553,48.56,2,50.7
3554,50.7,2,45.77
3555,45.77,2,84.41
3556,84.41,3,89.79
3557,89.79,3,82.29
3558,82.29,3,84.89
3559,84.89,3,86.03
3560,86.03,3,86.06
3561,86.06,3,84.98
3562,84.98,3,86.5
3563,86.5,3,87.19
3564,87.19,3,87.11
3565,87.11,3,81.75
3566,81.75,3,83.66
3567,83.66,3,87.89
3568,87.89,3,86.79
3569,86.79,3,79.79
3570,79.79,2,84.76
3571,84.76,3,77.58
3572,77.58,2,83.46
3573,83.46,3,88.81
3574,88.81,3,80.08
3575,80.08,3,80.22
3576,80.22,3,84.82
3577,84.82,3,77.71
3578,77.71,2,80.24
3579,80.24,3,83.74
3580,83.74,3,79.85
3581,79.85,2,80.86
3582,80.86,3,83.61
3583,83.61,3,82.45
3584,82.45,3,81.79
3585,81.79,3,79.79
3586,79.79,2,81.73
3587,81.73,3,80.06
3588,80.06,3,81.62
3589,81.62,3,78.57
3590,78.57,2,79.32
3591,79.32,2,76.72
3592,76.72,2,79.4
3593,79.4,2,76.89
3594,76.89,2,75.8
3595,75.8,2,79.73
3596,79.73,2,79.41
3597,79.41,2,80.94
3598,80.94,3,77.12
3599,77.12,2,79.46
3600,79.46,2,79.71
3601,79.71,2,79.22
3602,79.22,2,75.23
3603,75.23,2,77.98
3604,77.98,2,78.45
3605,78.45,2,77.21
3606,77.21,2,70.75
3607,70.75,2,77.32
3608,77.32,2,83.31
3609,83.31,3,75.42
3610,75.42,2,74.15
3611,74.15,2,77.28
3612,77.28,2,76.93
3613,76.93,2,79.41
3614,79.41,2,71.89
3615,71.89,2,77.69
3616,77.69,2,77.11
3617,77.11,2,74.75
3618,74.75,2,76.03
3619,76.03,2,77.94
3620,77.94,2,77.31
3621,77.31,2,71.1
3622,71.1,2,76.84
3623,76.84,2,74.02
3624,74.02,2,74.28
3625,74.28,2,35.32
3626,35.32,1,34.49
3627,34.49,1,38.36
3628,38.36,1,34.39
3629,34.39,1,31.13
3630,31.13,1,33.16
3631,33.16,1,34.72
3632,34.72,1,37.73
3633,37.73,1,35.7
3634,35.7,1,31.19
3635,31.19,1,41.06
3636,41.06,2,34.25
3637,34.25,1,37.14
3638,37.14,1,32.72
3639,32.72,1,34.63
3640,34.63,1,35.41
3641,35.41,1,36.41
3642,36.41,1,35.79
3643,35.79,1,35.1
3644,35.1,1,31.4
3645,31.4,1,30.5
3646,30.5,1,33.08
3647,33.08,1,34.74
3648,34.74,1,31.15
3649,31.15,1,34.88
3650,34.88,1,35.91
3651,35.91,1,28.68
3652,28.68,1,28.79
3653,28.79,1,30.76
3654,30.76,1,31.98
3655,31.98,1,29.36
3656,29.36,1,34.86
3657,34.86,1,31.96
3658,31.96,1,30.69
3659,30.69,1,26.14
3660,26.14,1,26.38
3661,26.38,1,31.06
3662,31.06,1,23.7
3663,23.7,1,33.02
3664,33.02,1,29.4
3665,29.4,1,39.49
3666,39.49,1,36.58
3667,36.58,1,29.0
3668,29.0,1,29.12
3669,29.12,1,32.32
3670,32.32,1,34.33
3671,34.33,1,24.21
3672,24.21,1,23.66
3673,23.66,1,27.05
3674,27.05,1,30.56
3675,30.56,1,30.21
3676,30.21,1,31.83
3677,31.83,1,24.92
3678,24.92,1,21.48
3679,21.48,1,30.91
3680,30.91,1,25.75
3681,25.75,1,22.09
3682,22.09,1,28.49
3683,28.49,1,30.35
3684,30.35,1,27.51
3685,27.51,1,26.42
3686,26.42,1,27.23
3687,27.23,1,26.51
3688,26.51,1,23.5
3689,23.5,1,25.31
3690,25.31,1,28.94
3691,28.94,1,28.26
3692,28.26,1,27.72
3693,27.72,1,24.16
3694,24.16,1,26.52
3695,26.52,1,20.46
3696,20.46,1,27.46
3697,27.46,1,31.14
3698,31.14,1,22.36
3699,22.36,1,24.96
3700,24.96,1,27.63
3701,27.63,1,30.34
3702,30.34,1,25.17
3703,25.17,1,24.37
3704,24.37,1,20.48
3705,20.48,1,26.64
3706,26.64,1,32.4
3707,32.4,1,27.04
3708,27.04,1,26.09
3709,26.09,1,27.07
3710,27.07,1,26.01
3711,26.01,1,23.55
3712,23.55,1,28.41
3713,28.41,1,26.57
3714,26.57,1,25.9
3715,25.9,1,22.87
3716,22.87,1,29.66
3717,29.66,1,27.7
3718,27.7,1,24.0
3719,24.0,1,28.63
3720,28.63,1,24.09
3721,24.09,1,23.19
3722,23.19,1,23.22
3723,23.22,1,20.15
3724,20.15,1,26.85
3725,26.85,1,20.0
3726,20.0,1,21.68
3727,21.68,1,20.0
3728,20.0,1,25.05
3729,25.05,1,24.83
3730,24.83,1,24.27
3731,24.27,1,22.1
3732,22.1,1,21.68
3733,21.68,1,26.57
3734,26.57,1,23.5
3735,23.5,1,26.08
3736,26.08,1,22.46
3737,22.46,1,25.64
3738,25.64,1,28.99
3739,28.99,1,26.83
3740,26.83,1,23.82
3741,23.82,1,25.82
3742,25.82,1,24.31
3743,24.31,1,25.05
3744,25.05,1,24.04
3745,24.04,1,24.52
3746,24.52,1,25.64
3747,25.64,1,22.02
3748,22.02,1,21.95
3749,21.95,1,20.83
3750,20.83,1,20.2
3751,20.2,1,21.35
3752,21.35,1,25.48
3753,25.48,1,22.33
3754,22.33,1,26.56
3755,26.56,1,25.13
3756,25.13,1,20.0
3757,20.0,1,27.01
3758,27.01,1,27.49
3759,27.49,1,22.09
3760,22.09,1,26.34
3761,26.34,1,22.53
3762,22.53,1,25.41
3763,25.41,1,21.34
3764,21.34,1,20.0
3765,20.0,1,24.03
3766,24.03,1,24.83
3767,24.83,1,24.03
3768,24.03,1,21.7
3769,21.7,1,24.08
3770,24.08,1,26.11
3771,26.11,1,45.66
3772,45.66,2,46.37
3773,46.37,2,43.85
3774,43.85,2,49.41
3775,49.41,2,42.4
3776,42.4,2,47.43
3777,47.43,2,49.55
3778,49.55,2,47.48
3779,47.48,2,45.47
3780,45.47,2,44.54
3781,44.54,2,49.27
3782,49.27,2,41.94
3783,41.94,2,43.35
3784,43.35,2,45.11
3785,45.11,2,50.07
3786,50.07,2,47.54
3787,47.54,2,43.55
3788,43.55,2,45.58
3789,45.58,2,44.72
3790,44.72,2,44.49
3791,44.49,2,49.61
3792,49.61,2,42.62
3793,42.62,2,51.62
3794,51.62,2,49.34
3795,49.34,2,50.18
3796,50.18,2,45.59
3797,45.59,2,46.59
3798,46.59,2,42.81
3799,42.81,2,45.6
3800,45.6,2,48.72
3801,48.72,2,51.2
3802,51.2,2,44.06
3803,44.06,2,46.36
3804,46.36,2,47.08
3805,47.08,2,43.42
3806,43.42,2,49.46
3807,49.46,2,45.59
3808,45.59,2,47.25
3809,47.25,2,46.56
3810,46.56,2,45.63
3811,45.63,2,27.6
3812,27.6,1,27.06
3813,27.06,1,26.68
3814,26.68,1,25.69
3815,25.69,1,28.93
3816,28.93,1,33.02
3817,33.02,1,28.57
3818,28.57,1,31.23
3819,31.23,1,24.16
3820,24.16,1,28.9
3821,28.9,1,25.23
3822,25.23,1,24.19
3823,24.19,1,26.5
3824,26.5,1,32.39
3825,32.39,1,31.77
3826,31.77,1,29.75
3827,29.75,1,24.52
3828,24.52,1,28.64
3829,28.64,1,30.23
3830,30.23,1,29.96
3831,29.96,1,24.01
3832,24.01,1,26.98
3833,26.98,1,29.57
3834,29.57,1,31.48
3835,31.48,1,23.4
3836,23.4,1,29.61
3837,29.61,1,30.64
3838,30.64,1,32.88
3839,32.88,1,32.53
3840,32.53,1,32.31
3841,32.31,1,28.29
3842,28.29,1,41.18
3843,41.18,2,45.85
3844,45.85,2,50.15
3845,50.15,2,51.45
3846,51.45,2,49.53
3847,49.53,2,48.81
3848,48.81,2,48.79
3849,48.79,2,46.11
3850,46.11,2,47.52
3851,47.52,2,53.05
3852,53.05,2,45.35
3853,45.35,2,53.15
3854,53.15,2,47.47
3855,47.47,2,52.55
3856,52.55,2,44.49
3857,44.49,2,50.61
3858,50.61,2,46.78
3859,46.78,2,44.88
3860,44.88,2,49.92
3861,49.92,2,52.44
3862,52.44,2,47.02
3863,47.02,2,45.2
3864,45.2,2,49.57
3865,49.57,2,49.73
3866,49.73,2,51.78
3867,51.78,2,53.13
3868,53.13,2,50.25
3869,50.25,2,56.15
3870,56.15,2,51.41
3871,51.41,2,49.85
3872,49.85,2,46.2
3873,46.2,2,50.4
3874,50.4,2,50.34
3875,50.34,2,54.38
3876,54.38,2,53.05
3877,53.05,2,48.28
3878,48.28,2,52.49
3879,52.49,2,54.15
3880,54.15,2,56.88
3881,56.88,2,55.12
3882,55.12,2,54.9
3883,54.9,2,52.97
3884,52.97,2,54.11
3885,54.11,2,56.86
3886,56.86,2,49.28
3887,49.28,2,52.4
3888,52.4,2,51.3
3889,51.3,2,54.92
3890,54.92,2,57.65
3891,57.65,2,52.34
3892,52.34,2,47.13
3893,47.13,2,53.23
3894,53.23,2,57.38
3895,57.38,2,56.43
3896,56.43,2,56.28
3897,56.28,2,54.33
3898,54.33,2,51.51
3899,51.51,2,57.07
3900,57.07,2,53.2
3901,53.2,2,62.43
3902,62.43,2,57.77
3903,57.77,2,54.5
3904,54.5,2,54.59
3905,54.59,2,56.33
3906,56.33,2,56.07
3907,56.07,2,60.32
3908,60.32,2,57.72
3909,57.72,2,55.15
3910,55.15,2,63.2
3911,63.2,2,57.86
3912,57.86,2,60.21
3913,60.21,2,56.27
3914,56.27,2,59.37
3915,59.37,2,43.31
3916,43.31,2,36.89
3917,36.89,1,48.8
3918,48.8,2,46.82
3919,46.82,2,41.95
3920,41.95,2,40.02
3921,40.02,2,44.57
3922,44.57,2,43.98
3923,43.98,2,44.98
3924,44.98,2,44.69
3925,44.69,2,45.83
3926,45.83,2,48.85
3927,48.85,2,46.41
3928,46.41,2,41.75
3929,41.75,2,49.19
3930,49.19,2,50.22
3931,50.22,2,54.95
3932,54.95,2,42.33
3933,42.33,2,46.63
3934,46.63,2,39.85
3935,39.85,1,47.96
3936,47.96,2,44.86
3937,44.86,2,52.48
3938,52.48,2,44.59
3939,44.59,2,42.05
3940,42.05,2,45.91
3941,45.91,2,41.6
3942,41.6,2,49.98
3943,49.98,2,41.74
3944,41.74,2,48.23
3945,48.23,2,42.12
3946,42.12,2,47.6
3947,47.6,2,53.7
3948,53.7,2,50.06
3949,50.06,2,46.59
3950,46.59,2,49.3
3951,49.3,2,49.66
3952,49.66,2,51.23
3953,51.23,2,45.92
3954,45.92,2,52.01
3955,52.01,2,42.33
3956,42.33,2,48.77
3957,48.77,2,49.41
3958,49.41,2,52.98
3959,52.98,2,51.36
3960,51.36,2,47.29
3961,47.29,2,48.77
3962,48.77,2,52.53
3963,52.53,2,51.91
3964,51.91,2,50.63
3965,50.63,2,51.14
3966,51.14,2,54.88
3967,54.88,2,51.46
3968,51.46,2,52.96
3969,52.96,2,59.95
3970,59.95,2,49.39
3971,49.39,2,48.32
3972,48.32,2,56.44
3973,56.44,2,52.27
3974,52.27,2,53.57
3975,53.57,2,52.4
3976,52.4,2,54.18
3977,54.18,2,59.97
3978,59.97,2,57.8
3979,57.8,2,58.2
3980,58.2,2,51.58
3981,51.58,2,52.6
3982,52.6,2,47.75
3983,47.75,2,54.06
3984,54.06,2,59.58
3985,59.58,2,58.48
3986,58.48,2,56.48
3987,56.48,2,57.3
3988,57.3,2,55.52
3989,55.52,2,58.42
3990,58.42,2,60.32
3991,60.32,2,53.39
3992,53.39,2,59.36
3993,59.36,2,61.48
3994,61.48,2,57.66
3995,57.66,2,61.22
3996,61.22,2,67.78
3997,67.78,2,59.25
3998,59.25,2,60.96
3999,60.96,2,57.79
4000,57.79,2,60.76
4001,60.76,2,61.82
4002,61.82,2,61.24
4003,61.24,2,57.82
4004,57.82,2,61.72
4005,61.72,2,65.71
4006,65.71,2,62.88
4007,62.88,2,64.64
4008,64.64,2,61.27
4009,61.27,2,64.45
4010,64.45,2,63.25
4011,63.25,2,59.78
4012,59.78,2,63.81
4013,63.81,2,60.1
4014,60.1,2,61.4
4015,61.4,2,64.08
4016,64.08,2,64.62
4017,64.62,2,60.38
4018,60.38,2,67.33
4019,67.33,2,66.1
4020,66.1,2,62.49
4021,62.49,2,60.21
4022,60.21,2,64.61
4023,64.61,2,63.92
4024,63.92,2,65.81
4025,65.81,2,64.6
4026,64.6,2,59.89
4027,59.89,2,64.96
4028,64.96,2,65.43
4029,65.43,2,68.46
4030,68.46,2,64.68
4031,64.68,2,72.03
4032,72.03,2,61.47
4033,61.47,2,71.35
4034,71.35,2,66.96
4035,66.96,2,70.43
4036,70.43,2,68.3
4037,68.3,2,71.7
4038,71.7,2,67.33
4039,67.33,2,65.41
4040,65.41,2,73.18
4041,73.18,2,68.79
4042,68.79,2,70.01
4043,70.01,2,73.26
4044,73.26,2,66.67
4045,66.67,2,71.76
4046,71.76,2,68.42
4047,68.42,2,70.0
4048,70.0,2,70.82
4049,70.82,2,66.31
4050,66.31,2,68.69
4051,68.69,2,75.29
4052,75.29,2,74.1
4053,74.1,2,71.46
4054,71.46,2,72.59
4055,72.59,2,71.18
4056,71.18,2,76.34
4057,76.34,2,71.87
4058,71.87,2,73.38
4059,73.38,2,76.32
4060,76.32,2,70.76
4061,70.76,2,77.97
4062,77.97,2,68.9
4063,68.9,2,78.59
4064,78.59,2,72.78
4065,72.78,2,73.37
4066,73.37,2,68.63
4067,68.63,2,73.14
4068,73.14,2,71.58
4069,71.58,2,73.08
4070,73.08,2,74.69
4071,74.69,2,78.17
4072,78.17,2,76.12
4073,76.12,2,76.62
4074,76.62,2,72.6
4075,72.6,2,73.44
4076,73.44,2,81.68
4077,81.68,3,74.27
4078,74.27,2,81.64
4079,81.64,3,76.13
4080,76.13,2,77.06
4081,77.06,2,80.46
4082,80.46,3,81.25
4083,81.25,3,77.29
4084,77.29,2,76.65
4085,76.65,2,77.84
4086,77.84,2,79.21
4087,79.21,2,81.06
4088,81.06,3,78.58
4089,78.58,2,80.61
4090,80.61,3,83.85
4091,83.85,3,80.27
4092,80.27,3,80.24
4093,80.24,3,74.93
4094,74.93,2,71.78
4095,71.78,2,81.02
4096,81.02,3,79.75
4097,79.75,2,78.67
4098,78.67,2,81.12
4099,81.12,3,80.39
4100,80.39,3,84.13
4101,84.13,3,81.19
4102,81.19,3,78.86
4103,78.86,2,84.25
4104,84.25,3,80.8
4105,80.8,3,83.2
4106,83.2,3,80.37
4107,80.37,3,80.02
4108,80.02,3,82.39
4109,82.39,3,82.35
4110,82.35,3,83.92
4111,83.92,3,81.84
4112,81.84,3,77.31
4113,77.31,2,81.68
4114,81.68,3,85.53
4115,85.53,3,82.42
4116,82.42,3,82.73
4117,82.73,3,86.6
4118,86.6,3,81.66
4119,81.66,3,79.33
4120,79.33,2,83.64
4121,83.64,3,82.83
4122,82.83,3,81.54
4123,81.54,3,84.07
4124,84.07,3,86.22
4125,86.22,3,84.88
4126,84.88,3,85.98
4127,85.98,3,90.65
4128,90.65,3,84.33
4129,84.33,3,86.35
4130,86.35,3,84.14
4131,84.14,3,83.27
4132,83.27,3,84.21
4133,84.21,3,84.67
4134,84.67,3,87.33
4135,87.33,3,93.45
4136,93.45,3,84.39
4137,84.39,3,85.44
4138,85.44,3,86.64
4139,86.64,3,88.16
4140,88.16,3,87.9
4141,87.9,3,91.1
4142,91.1,3,80.1
4143,80.1,3,80.36
4144,80.36,3,86.17
4145,86.17,3,91.08
4146,91.08,3,83.23
4147,83.23,3,79.03
4148,79.03,2,89.9
4149,89.9,3,89.05
4150,89.05,3,85.17
4151,85.17,3,85.62
4152,85.62,3,85.79
4153,85.79,3,89.16
4154,89.16,3,87.07
4155,87.07,3,90.55
4156,90.55,3,80.63
4157,80.63,3,86.74
4158,86.74,3,86.05
4159,86.05,3,88.78
4160,88.78,3,88.05
4161,88.05,3,92.18
4162,92.18,3,84.32
4163,84.32,3,90.15
4164,90.15,3,91.8
4165,91.8,3,95.81
4166,95.81,3,88.9
4167,88.9,3,91.43
4168,91.43,3,85.15
4169,85.15,3,83.49
4170,83.49,3,93.31
4171,93.31,3,90.86
4172,90.86,3,94.52
4173,94.52,3,86.96
4174,86.96,3,92.74
4175,92.74,3,96.89
4176,96.89,3,92.64
4177,92.64,3,92.31
4178,92.31,3,91.6
4179,91.6,3,86.96
4180,86.96,3,95.83
4181,95.83,3,90.02
4182,90.02,3,93.46
4183,93.46,3,87.34
4184,87.34,3,88.58
4185,88.58,3,96.51
4186,96.51,3,91.25
4187,91.25,3,96.74
4188,96.74,3,92.23
4189,92.23,3,87.02
4190,87.02,3,95.3
4191,95.3,3,90.93
4192,90.93,3,94.88
4193,94.88,3,92.93
4194,92.93,3,88.3
4195,88.3,3,93.5
4196,93.5,3,99.67
4197,99.67,3,94.63
4198,94.63,3,93.05
4199,93.05,3,96.51
4200,96.51,3,93.99
4201,93.99,3,94.05
4202,94.05,3,90.21
4203,90.21,3,94.25
4204,94.25,3,96.72
4205,96.72,3,91.16
4206,91.16,3,98.0
4207,98.0,3,93.51
4208,93.51,3,91.18
4209,91.18,3,96.89
4210,96.89,3,93.09
4211,93.09,3,96.29
4212,96.29,3,93.18
4213,93.18,3,93.93
4214,93.93,3,95.64
4215,95.64,3,95.08
4216,95.08,3,88.26
4217,88.26,3,90.93
4218,90.93,3,97.13
4219,97.13,3,93.98
4220,93.98,3,92.85
4221,92.85,3,90.38
4222,90.38,3,91.26
4223,91.26,3,88.47
4224,88.47,3,94.27
4225,94.27,3,92.81
4226,92.81,3,91.74
4227,91.74,3,94.46
4228,94.46,3,95.79
4229,95.79,3,101.0
4230,101.0,3,90.22
4231,90.22,3,98.25
4232,98.25,3,97.72
4233,97.72,3,92.49
4234,92.49,3,95.45
4235,95.45,3,93.49
4236,93.49,3,95.44
4237,95.44,3,99.43
4238,99.43,3,96.73
4239,96.73,3,96.46
4240,96.46,3,93.65
4241,93.65,3,90.5
4242,90.5,3,94.34
4243,94.34,3,98.59
4244,98.59,3,90.4
4245,90.4,3,91.82
4246,91.82,3,95.37
4247,95.37,3,92.04
4248,92.04,3,92.62
4249,92.62,3,93.73
4250,93.73,3,90.9
4251,90.9,3,92.07
4252,92.07,3,97.1
4253,97.1,3,91.07
4254,91.07,3,90.19
4255,90.19,3,93.09
4256,93.09,3,97.16
4257,97.16,3,94.37
4258,94.37,3,93.55
4259,93.55,3,95.06
4260,95.06,3,89.68
4261,89.68,3,96.38
4262,96.38,3,96.03
4263,96.03,3,93.64
4264,93.64,3,97.86
4265,97.86,3,91.44
4266,91.44,3,98.18
4267,98.18,3,95.24
4268,95.24,3,93.74
4269,93.74,3,94.66
4270,94.66,3,94.37
4271,94.37,3,98.33
4272,98.33,3,91.41
4273,91.41,3,92.32
4274,92.32,3,97.68
4275,97.68,3,92.75
4276,92.75,3,97.2
4277,97.2,3,99.56
4278,99.56,3,93.22
4279,93.22,3,96.42
4280,96.42,3,90.88
4281,90.88,3,96.56
4282,96.56,3,94.85
4283,94.85,3,95.62
4284,95.62,3,92.22
4285,92.22,3,89.13
4286,89.13,3,95.57
4287,95.57,3,87.82
4288,87.82,3,93.0
4289,93.0,3,96.72
4290,96.72,3,94.42
4291,94.42,3,99.63
4292,99.63,3,96.81
4293,96.81,3,91.71
4294,91.71,3,93.69
4295,93.69,3,93.41
4296,93.41,3,88.74
4297,88.74,3,90.6
4298,90.6,3,91.67
4299,91.67,3,87.18
4300,87.18,3,93.36
4301,93.36,3,92.4
4302,92.4,3,88.06
4303,88.06,3,94.22
4304,94.22,3,95.08
4305,95.08,3,93.54
4306,93.54,3,91.81
4307,91.81,3,94.48
4308,94.48,3,94.66
4309,94.66,3,93.46
4310,93.46,3,89.99
4311,89.99,3,93.21
4312,93.21,3,95.88
4313,95.88,3,90.42
4314,90.42,3,98.42
4315,98.42,3,90.46
4316,90.46,3,92.04
4317,92.04,3,89.84
4318,89.84,3,92.43
4319,92.43,3,86.44
4320,86.44,3,89.94
4321,89.94,3,88.2
4322,88.2,3,91.79
4323,91.79,3,94.27
4324,94.27,3,93.12
4325,93.12,3,83.97
4326,83.97,3,97.11
4327,97.11,3,91.77
4328,91.77,3,88.45
4329,88.45,3,91.14
4330,91.14,3,91.09
4331,91.09,3,88.46
4332,88.46,3,90.94
4333,90.94,3,88.41
4334,88.41,3,88.91
4335,88.91,3,87.95
4336,87.95,3,85.6
4337,85.6,3,90.22
4338,90.22,3,91.42
4339,91.42,3,91.1
4340,91.1,3,91.89
4341,91.89,3,90.29
4342,90.29,3,87.59
4343,87.59,3,91.59
4344,91.59,3,84.88
4345,84.88,3,86.12
4346,86.12,3,85.81
4347,85.81,3,91.81
4348,91.81,3,91.27
4349,91.27,3,89.78
4350,89.78,3,91.4
4351,91.4,3,85.42
4352,85.42,3,88.97
4353,88.97,3,87.41
4354,87.41,3,90.2
4355,90.2,3,87.17
4356,87.17,3,86.23
4357,86.23,3,88.87
4358,88.87,3,89.74
4359,89.74,3,84.96
4360,84.96,3,86.64
4361,86.64,3,83.51
4362,83.51,3,79.05
4363,79.05,2,87.0
4364,87.0,3,88.08
4365,88.08,3,86.89
4366,86.89,3,80.11
4367,80.11,3,84.76
4368,84.76,3,79.01
4369,79.01,2,89.62
4370,89.62,3,82.1
4371,82.1,3,88.98
4372,88.98,3,87.9
4373,87.9,3,82.2
4374,82.2,3,81.35
4375,81.35,3,85.64
4376,85.64,3,81.9
4377,81.9,3,84.59
4378,84.59,3,82.67
4379,82.67,3,78.62
4380,78.62,2,77.11
4381,77.11,2,84.32
4382,84.32,3,81.79
4383,81.79,3,81.65
4384,81.65,3,85.23
4385,85.23,3,86.5
4386,86.5,3,82.0
4387,82.0,3,81.63
4388,81.63,3,83.98
4389,83.98,3,78.24
4390,78.24,2,82.81
4391,82.81,3,83.62
4392,83.62,3,83.84
4393,83.84,3,75.81
4394,75.81,2,79.17
4395,79.17,2,78.64
4396,78.64,2,81.4
4397,81.4,3,82.37
4398,82.37,3,85.24
4399,85.24,3,79.09
4400,79.09,2,78.9
4401,78.9,2,83.66
4402,83.66,3,80.92
4403,80.92,3,83.66
4404,83.66,3,80.54
4405,80.54,3,76.02
4406,76.02,2,75.31
4407,75.31,2,74.47
4408,74.47,2,80.93
4409,80.93,3,82.32
4410,82.32,3,84.12
4411,84.12,3,80.91
4412,80.91,3,81.68
4413,81.68,3,76.27
4414,76.27,2,74.35
4415,74.35,2,80.18
4416,80.18,3,78.69
4417,78.69,2,77.57
4418,77.57,2,78.22
4419,78.22,2,77.83
4420,77.83,2,80.52
4421,80.52,3,80.36
4422,80.36,3,77.91
4423,77.91,2,78.62
4424,78.62,2,77.43
4425,77.43,2,74.31
4426,74.31,2,77.77
4427,77.77,2,71.12
4428,71.12,2,78.26
4429,78.26,2,71.32
4430,71.32,2,75.56
4431,75.56,2,71.97
4432,71.97,2,75.96
4433,75.96,2,74.0
4434,74.0,2,69.12
4435,69.12,2,74.96
4436,74.96,2,71.76
4437,71.76,2,75.94
4438,75.94,2,73.09
4439,73.09,2,74.07
4440,74.07,2,69.81
4441,69.81,2,70.71
4442,70.71,2,70.89
4443,70.89,2,74.63
4444,74.63,2,76.89
4445,76.89,2,69.23
4446,69.23,2,74.67
4447,74.67,2,64.72
4448,64.72,2,67.44
4449,67.44,2,67.94
4450,67.94,2,66.55
4451,66.55,2,65.65
4452,65.65,2,71.43
4453,71.43,2,69.33
4454,69.33,2,70.9
4455,70.9,2,71.62
4456,71.62,2,70.14
4457,70.14,2,71.1
4458,71.1,2,68.71
4459,68.71,2,65.14
4460,65.14,2,71.66
4461,71.66,2,66.51
4462,66.51,2,65.26
4463,65.26,2,67.32
4464,67.32,2,64.9
4465,64.9,2,66.17
4466,66.17,2,68.24
4467,68.24,2,68.03
4468,68.03,2,64.08
4469,64.08,2,65.1
4470,65.1,2,69.57
4471,69.57,2,67.62
4472,67.62,2,72.13
4473,72.13,2,69.23
4474,69.23,2,68.91
4475,68.91,2,61.09
4476,61.09,2,67.33
4477,67.33,2,64.66
4478,64.66,2,62.95
4479,62.95,2,64.89
4480,64.89,2,67.0
4481,67.0,2,65.45
4482,65.45,2,61.1
4483,61.1,2,65.74
4484,65.74,2,61.38
4485,61.38,2,63.72
4486,63.72,2,61.95
4487,61.95,2,61.98
4488,61.98,2,64.72
4489,64.72,2,59.08
4490,59.08,2,67.81
4491,67.81,2,56.3
4492,56.3,2,59.75
4493,59.75,2,62.43
4494,62.43,2,62.85
4495,62.85,2,60.58
4496,60.58,2,60.49
4497,60.49,2,61.67
4498,61.67,2,59.53
4499,59.53,2,64.18
4500,64.18,2,62.3
4501,62.3,2,62.18
4502,62.18,2,56.44
4503,56.44,2,58.88
4504,58.88,2,58.0
4505,58.0,2,55.66
4506,55.66,2,59.54
4507,59.54,2,56.63
4508,56.63,2,59.99
4509,59.99,2,54.59
4510,54.59,2,62.74
4511,62.74,2,54.67
4512,54.67,2,57.8
4513,57.8,2,59.3
4514,59.3,2,54.99
4515,54.99,2,59.04
4516,59.04,2,52.58
4517,52.58,2,60.41
4518,60.41,2,55.87
4519,55.87,2,53.82
4520,53.82,2,54.5
4521,54.5,2,57.6
4522,57.6,2,53.21
4523,53.21,2,52.49
4524,52.49,2,53.86
4525,53.86,2,50.78
4526,50.78,2,59.55
4527,59.55,2,52.18
4528,52.18,2,56.15
4529,56.15,2,54.07
4530,54.07,2,50.27
4531,50.27,2,52.99
4532,52.99,2,55.15
4533,55.15,2,52.01
4534,52.01,2,55.94
4535,55.94,2,55.22
4536,55.22,2,54.69
4537,54.69,2,50.34
4538,50.34,2,48.27
4539,48.27,2,49.46
4540,49.46,2,51.67
4541,51.67,2,52.51
4542,52.51,2,44.14
4543,44.14,2,50.42
4544,50.42,2,50.71
4545,50.71,2,49.19
4546,49.19,2,53.69
4547,53.69,2,50.87
4548,50.87,2,53.32
4549,53.32,2,48.54
4550,48.54,2,51.79
4551,51.79,2,53.67
4552,53.67,2,52.49
4553,52.49,2,45.07
4554,45.07,2,47.38
4555,47.38,2,46.9
4556,46.9,2,49.2
4557,49.2,2,49.58
4558,49.58,2,44.8
4559,44.8,2,47.32
4560,47.32,2,40.85
4561,40.85,2,51.03
4562,51.03,2,44.97
4563,44.97,2,46.47
4564,46.47,2,45.17
4565,45.17,2,49.34
4566,49.34,2,37.18
4567,37.18,1,45.45
4568,45.45,2,44.98
4569,44.98,2,43.74
4570,43.74,2,50.08
4571,50.08,2,42.04
4572,42.04,2,46.82
4573,46.82,2,45.38
4574,45.38,2,47.89
4575,47.89,2,41.91
4576,41.91,2,41.52
4577,41.52,2,46.81
4578,46.81,2,44.61
4579,44.61,2,38.5
4580,38.5,1,41.33
4581,41.33,2,43.91
4582,43.91,2,45.08
4583,45.08,2,40.34
4584,40.34,2,33.44
4585,33.44,1,43.56
4586,43.56,2,38.15
4587,38.15,1,35.57
4588,35.57,1,32.94
4589,32.94,1,43.69
4590,43.69,2,41.45
4591,41.45,2,40.2
4592,40.2,2,44.86
4593,44.86,2,42.42
4594,42.42,2,45.18
4595,45.18,2,35.97
4596,35.97,1,39.86
4597,39.86,1,34.93
4598,34.93,1,38.92
4599,38.92,1,38.68
4600,38.68,1,41.13
4601,41.13,2,39.21
4602,39.21,1,40.77
4603,40.77,2,40.83
4604,40.83,2,45.01
4605,45.01,2,37.43
4606,37.43,1,35.38
4607,35.38,1,38.77
4608,38.77,1,35.45
4609,35.45,1,42.14
4610,42.14,2,36.67
4611,36.67,1,35.66
4612,35.66,1,35.77
4613,35.77,1,39.17
4614,39.17,1,36.38
4615,36.38,1,34.76
4616,34.76,1,41.52
4617,41.52,2,33.79
4618,33.79,1,36.31
4619,36.31,1,38.0
4620,38.0,1,30.99
4621,30.99,1,37.16
4622,37.16,1,32.4
4623,32.4,1,37.88
4624,37.88,1,32.36
4625,32.36,1,37.17
4626,37.17,1,38.26
4627,38.26,1,37.37
4628,37.37,1,35.39
4629,35.39,1,33.79
4630,33.79,1,32.61
4631,32.61,1,38.6
4632,38.6,1,31.94
4633,31.94,1,30.78
4634,30.78,1,35.74
4635,35.74,1,31.21
4636,31.21,1,30.61
4637,30.61,1,28.98
4638,28.98,1,31.72
4639,31.72,1,32.78
4640,32.78,1,33.62
4641,33.62,1,35.61
4642,35.61,1,34.2
4643,34.2,1,31.91
4644,31.91,1,31.75
4645,31.75,1,33.74
4646,33.74,1,35.89
4647,35.89,1,32.32
4648,32.32,1,30.41
4649,30.41,1,28.71
4650,28.71,1,27.22
4651,27.22,1,33.43
4652,33.43,1,33.04
4653,33.04,1,32.91
4654,32.91,1,30.67
4655,30.67,1,35.15
4656,35.15,1,29.35
4657,29.35,1,33.55
4658,33.55,1,30.45
4659,30.45,1,28.62
4660,28.62,1,32.11
4661,32.11,1,31.44
4662,31.44,1,31.17
4663,31.17,1,30.23
4664,30.23,1,29.76
4665,29.76,1,36.93
4666,36.93,1,33.21
4667,33.21,1,31.71
4668,31.71,1,29.77
4669,29.77,1,32.35
4670,32.35,1,30.78
4671,30.78,1,29.2
4672,29.2,1,28.11
4673,28.11,1,28.67
4674,28.67,1,20.0
4675,20.0,1,29.35
4676,29.35,1,27.15
4677,27.15,1,33.3
4678,33.3,1,28.48
4679,28.48,1,24.76
4680,24.76,1,28.09
4681,28.09,1,25.01
4682,25.01,1,29.48
4683,29.48,1,28.84
4684,28.84,1,30.75
4685,30.75,1,25.42
4686,25.42,1,27.81
4687,27.81,1,23.53
4688,23.53,1,29.64
4689,29.64,1,29.01
4690,29.01,1,28.86
4691,28.86,1,27.3
4692,27.3,1,28.47
4693,28.47,1,31.96
4694,31.96,1,26.21
4695,26.21,1,27.41
4696,27.41,1,23.66
4697,23.66,1,24.25
4698,24.25,1,27.08
4699,27.08,1,30.02
4700,30.02,1,25.88
4701,25.88,1,25.87
4702,25.87,1,25.29
4703,25.29,1,24.85
4704,24.85,1,27.27
4705,27.27,1,21.84
4706,21.84,1,30.11
4707,30.11,1,24.22
4708,24.22,1,28.32
4709,28.32,1,22.29
4710,22.29,1,28.05
4711,28.05,1,28.01
4712,28.01,1,27.09
4713,27.09,1,22.91
4714,22.91,1,26.59
4715,26.59,1,22.25
4716,22.25,1,24.99
4717,24.99,1,28.79
4718,28.79,1,28.05
4719,28.05,1,25.67
4720,25.67,1,22.65
4721,22.65,1,27.48
4722,27.48,1,25.56
4723,25.56,1,20.0
4724,20.0,1,27.78
4725,27.78,1,25.32
4726,25.32,1,28.97
4727,28.97,1,22.05
4728,22.05,1,20.0
4729,20.0,1,26.11
4730,26.11,1,26.12
4731,26.12,1,20.15
4732,20.15,1,22.26
4733,22.26,1,33.44
4734,33.44,1,24.24
4735,24.24,1,27.33
4736,27.33,1,23.16
4737,23.16,1,20.0
4738,20.0,1,24.57
4739,24.57,1,24.27
4740,24.27,1,23.86
4741,23.86,1,24.7
4742,24.7,1,25.83
4743,25.83,1,24.57
4744,24.57,1,21.23
4745,21.23,1,26.47
4746,26.47,1,20.0
4747,20.0,1,20.0
4748,20.0,1,27.22
4749,27.22,1,26.52
4750,26.52,1,24.83
4751,24.83,1,20.82
4752,20.82,1,22.88
4753,22.88,1,24.22
4754,24.22,1,20.23
4755,20.23,1,22.81
4756,22.81,1,26.99
4757,26.99,1,29.33
4758,29.33,1,23.8
4759,23.8,1,27.34
4760,27.34,1,20.0
4761,20.0,1,27.08
4762,27.08,1,22.7
4763,22.7,1,26.06
4764,26.06,1,24.41
4765,24.41,1,29.14
4766,29.14,1,22.58
4767,22.58,1,27.11
4768,27.11,1,24.41
4769,24.41,1,24.8
4770,24.8,1,24.75
4771,24.75,1,22.8
4772,22.8,1,25.32
4773,25.32,1,25.21
4774,25.21,1,26.15
4775,26.15,1,25.72
4776,25.72,1,27.9
4777,27.9,1,28.31
4778,28.31,1,22.43
4779,22.43,1,28.23
4780,28.23,1,22.1
4781,22.1,1,27.47
4782,27.47,1,27.61
4783,27.61,1,20.06
4784,20.06,1,26.12
4785,26.12,1,24.49
4786,24.49,1,23.67
4787,23.67,1,30.05
4788,30.05,1,24.08
4789,24.08,1,23.68
4790,23.68,1,26.38
4791,26.38,1,28.27
4792,28.27,1,25.84
4793,25.84,1,29.83
4794,29.83,1,27.98
4795,27.98,1,20.0
4796,20.0,1,24.93
4797,24.93,1,24.89
4798,24.89,1,28.08
4799,28.08,1,20.0
4800,20.0,1,34.43
4801,34.43,1,28.44
4802,28.44,1,27.37
4803,27.37,1,30.54
4804,30.54,1,34.1
4805,34.1,1,29.76
4806,29.76,1,30.07
4807,30.07,1,27.69
4808,27.69,1,26.95
4809,26.95,1,26.03
4810,26.03,1,25.06
4811,25.06,1,25.56
4812,25.56,1,23.65
4813,23.65,1,27.56
4814,27.56,1,22.82
4815,22.82,1,28.54
4816,28.54,1,27.95
4817,27.95,1,28.59
4818,28.59,1,26.67
4819,26.67,1,37.56
4820,37.56,1,32.51
4821,32.51,1,24.79
4822,24.79,1,29.32
4823,29.32,1,26.89
4824,26.89,1,25.77
4825,25.77,1,24.9
4826,24.9,1,30.31
4827,30.31,1,27.08
4828,27.08,1,32.13
4829,32.13,1,32.31
4830,32.31,1,33.56
4831,33.56,1,26.99
4832,26.99,1,31.08
4833,31.08,1,31.66
4834,31.66,1,28.45
4835,28.45,1,27.67
4836,27.67,1,34.93
4837,34.93,1,30.9
4838,30.9,1,32.24
4839,32.24,1,27.98
4840,27.98,1,26.91
4841,26.91,1,28.98
4842,28.98,1,63.8
4843,63.8,2,61.1
4844,61.1,2,64.39
4845,64.39,2,59.48
4846,59.48,2,61.31
4847,61.31,2,66.81
4848,66.81,2,66.73
4849,66.73,2,63.88
4850,63.88,2,62.13
4851,62.13,2,62.23
4852,62.23,2,64.32
4853,64.32,2,67.51
4854,67.51,2,68.5
4855,68.5,2,64.36
4856,64.36,2,62.52
4857,62.52,2,66.92
4858,66.92,2,97.78
4859,97.78,3,98.84
4860,98.84,3,104.51
4861,104.51,3,103.16
4862,103.16,3,101.29
4863,101.29,3,97.15
4864,97.15,3,101.74
4865,101.74,3,104.44
4866,104.44,3,100.27
4867,100.27,3,105.6
4868,105.6,3,105.58
4869,105.58,3,106.84
4870,106.84,3,102.91
4871,102.91,3,103.91
4872,103.91,3,106.55
4873,106.55,3,103.8
4874,103.8,3,101.11
4875,101.11,3,101.42
4876,101.42,3,103.64
4877,103.64,3,99.21
4878,99.21,3,102.81
4879,102.81,3,106.69
4880,106.69,3,96.99
4881,96.99,3,108.33
4882,108.33,3,107.25
4883,107.25,3,102.67
4884,102.67,3,105.85
4885,105.85,3,104.39
4886,104.39,3,108.24
4887,108.24,3,107.66
4888,107.66,3,100.68
4889,100.68,3,106.81
4890,106.81,3,104.6
4891,104.6,3,105.64
4892,105.64,3,103.38
4893,103.38,3,110.98
4894,110.98,3,109.03
4895,109.03,3,103.86
4896,103.86,3,102.26
4897,102.26,3,105.28
4898,105.28,3,107.91
4899,107.91,3,107.51
4900,107.51,3,110.73
4901,110.73,3,109.52
4902,109.52,3,110.24
4903,110.24,3,108.49
4904,108.49,3,103.52
4905,103.52,3,107.28
4906,107.28,3,111.23
4907,111.23,3,108.08
4908,108.08,3,109.93
4909,109.93,3,107.65
4910,107.65,3,72.34
4911,72.34,2,75.24
4912,75.24,2,76.73
4913,76.73,2,74.02
4914,74.02,2,75.47
4915,75.47,2,73.55
4916,73.55,2,79.92
4917,79.92,2,75.87
4918,75.87,2,81.3
4919,81.3,3,81.72
4920,81.72,3,77.08
4921,77.08,2,74.49
4922,74.49,2,71.46
4923,71.46,2,73.49
4924,73.49,2,73.98
4925,73.98,2,82.44
4926,82.44,3,78.85
4927,78.85,2,79.86
4928,79.86,2,72.23
4929,72.23,2,75.5
4930,75.5,2,81.95
4931,81.95,3,80.35
4932,80.35,3,79.25
4933,79.25,2,81.59
4934,81.59,3,85.0
4935,85.0,3,79.63
4936,79.63,2,80.71
4937,80.71,3,47.29
4938,47.29,2,54.09
4939,54.09,2,40.82
4940,40.82,2,49.37
4941,49.37,2,47.18
4942,47.18,2,49.43
4943,49.43,2,45.97
4944,45.97,2,48.0
4945,48.0,2,50.49
4946,50.49,2,57.9
4947,57.9,2,51.19
4948,51.19,2,46.43
4949,46.43,2,47.91
4950,47.91,2,48.03
4951,48.03,2,44.22
4952,44.22,2,48.82
4953,48.82,2,52.22
4954,52.22,2,46.41
4955,46.41,2,53.59
4956,53.59,2,52.12
4957,52.12,2,48.67
4958,48.67,2,50.66
4959,50.66,2,56.09
4960,56.09,2,53.71
4961,53.71,2,51.75
4962,51.75,2,51.22
4963,51.22,2,52.38
4964,52.38,2,50.83
4965,50.83,2,46.27
4966,46.27,2,58.92
4967,58.92,2,53.48
4968,53.48,2,54.42
4969,54.42,2,53.27
4970,53.27,2,51.45
4971,51.45,2,53.32
4972,53.32,2,49.29
4973,49.29,2,61.14
4974,61.14,2,50.82
4975,50.82,2,51.65
4976,51.65,2,53.64
4977,53.64,2,59.04
4978,59.04,2,55.44
4979,55.44,2,51.9
4980,51.9,2,59.59
4981,59.59,2,58.24
4982,58.24,2,57.88
4983,57.88,2,58.63
4984,58.63,2,63.89
4985,63.89,2,63.48
4986,63.48,2,55.08
4987,55.08,2,62.24
4988,62.24,2,58.73
4989,58.73,2,59.3
4990,59.3,2,52.95
4991,52.95,2,57.73
4992,57.73,2,56.02
4993,56.02,2,61.17
4994,61.17,2,62.11
4995,62.11,2,52.9
4996,52.9,2,59.27
4997,59.27,2,62.93
4998,62.93,2,59.22
