timestamp,throughput_mbps,active_users
0,60.97,2
1,59.06,2
2,58.41,2
3,62.49,2
4,63.97,2
5,63.89,2
6,58.8,2
7,60.61,2
8,62.75,2
9,64.9,2
10,60.76,2
11,61.86,2
12,59.32,2
13,59.27,2
14,65.51,2
15,67.36,2
16,63.3,2
17,66.74,2
18,65.03,2
19,62.23,2
20,65.47,2
21,69.22,2
22,64.72,2
23,69.73,2
24,57.4,2
25,67.94,2
26,65.95,2
27,65.01,2
28,66.4,2
29,60.38,2
30,65.9,2
31,67.85,2
32,71.42,2
33,65.65,2
34,64.99,2
35,66.13,2
36,70.6,2
37,69.05,2
38,66.69,2
39,70.03,2
40,69.0,2
41,71.82,2
42,67.02,2
43,68.36,2
44,68.38,2
45,65.37,2
46,70.86,2
47,70.97,2
48,70.41,2
49,69.9,2
50,66.57,2
51,69.76,2
52,70.2,2
53,69.03,2
54,71.16,2
55,73.07,2
56,77.72,2
57,72.79,2
58,73.25,2
59,72.46,2
60,67.13,2
61,73.01,2
62,73.47,2
63,80.89,3
64,73.12,2
65,74.8,2
66,74.0,2
67,70.8,2
68,77.93,2
69,76.96,2
70,77.28,2
71,72.37,2
72,79.51,2
73,71.29,2
74,77.45,2
75,82.46,3
76,73.11,2
77,74.58,2
78,76.77,2
79,75.16,2
80,72.21,2
81,77.26,2
82,74.06,2
83,78.86,2
84,74.87,2
85,82.47,3
86,75.66,2
87,77.23,2
88,80.82,3
89,74.88,2
90,79.44,2
91,82.86,3
92,74.3,2
93,79.86,2
94,80.27,3
95,82.02,3
96,76.14,2
97,76.07,2
98,81.78,3
99,81.29,3
100,81.32,3
101,81.79,3
102,78.89,2
103,81.8,3
104,82.16,3
105,79.31,2
106,87.22,3
107,83.22,3
108,78.4,2
109,84.11,3
110,79.39,2
111,84.84,3
112,86.12,3
113,80.35,3
114,85.87,3
115,84.38,3
116,85.78,3
117,89.16,3
118,82.9,3
119,81.54,3
120,81.29,3
121,81.67,3
122,84.05,3
123,85.46,3
124,85.42,3
125,87.23,3
126,84.94,3
127,89.42,3
128,84.42,3
129,93.52,3
130,87.39,3
131,83.09,3
132,82.6,3
133,87.41,3
134,85.44,3
135,88.4,3
136,87.82,3
137,86.32,3
138,84.15,3
139,82.28,3
140,85.63,3
141,89.68,3
142,87.89,3
143,83.65,3
144,88.04,3
145,88.81,3
146,85.14,3
147,88.38,3
148,88.23,3
149,84.76,3
150,89.39,3
151,90.13,3
152,91.82,3
153,91.86,3
154,84.69,3
155,86.13,3
156,90.62,3
157,90.73,3
158,90.86,3
159,100.99,3
160,91.26,3
161,139.39,4
162,138.97,4
163,138.17,4
164,135.39,4
165,138.72,4
166,134.24,4
167,135.96,4
168,135.32,4
169,137.13,4
170,143.93,4
171,131.49,4
172,139.26,4
173,132.46,4
174,135.99,4
175,140.77,4
176,137.8,4
177,134.47,4
178,135.65,4
179,139.93,4
180,135.8,4
181,138.73,4
182,138.31,4
183,136.31,4
184,144.78,4
185,140.34,4
186,132.45,4
187,139.17,4
188,136.71,4
189,141.34,4
190,136.48,4
191,138.6,4
192,140.54,4
193,141.7,4
194,135.57,4
195,138.25,4
196,137.9,4
197,137.44,4
198,144.76,4
199,140.75,4
200,135.82,4
201,142.43,4
202,146.11,4
203,142.9,4
204,135.31,4
205,138.48,4
206,143.79,4
207,137.93,4
208,141.44,4
209,142.49,4
210,137.44,4
211,140.09,4
212,130.6,4
213,137.3,4
214,139.67,4
215,136.73,4
216,145.42,4
217,136.28,4
218,139.29,4
219,141.05,4
220,145.02,4
221,136.43,4
222,144.27,4
223,140.85,4
224,137.91,4
225,142.27,4
226,141.52,4
227,139.15,4
228,141.19,4
229,139.86,4
230,141.38,4
231,143.06,4
232,145.85,4
233,137.41,4
234,147.54,4
235,135.31,4
236,140.73,4
237,142.97,4
238,142.06,4
239,139.37,4
240,140.63,4
241,139.78,4
242,139.51,4
243,143.83,4
244,142.37,4
245,139.22,4
246,144.01,4
247,142.23,4
248,143.75,4
249,143.21,4
250,138.83,4
251,139.64,4
252,143.56,4
253,143.14,4
254,94.93,3
255,95.33,3
256,98.81,3
257,93.19,3
258,96.6,3
259,94.34,3
260,94.28,3
261,98.21,3
262,97.38,3
263,97.32,3
264,98.78,3
265,94.91,3
266,96.87,3
267,93.87,3
268,95.75,3
269,94.36,3
270,95.02,3
271,96.48,3
272,92.21,3
273,100.91,3
274,91.58,3
275,90.93,3
276,98.01,3
277,96.87,3
278,96.33,3
279,96.31,3
280,94.34,3
281,91.65,3
282,94.52,3
283,92.22,3
284,97.13,3
285,93.72,3
286,91.63,3
287,93.09,3
288,95.25,3
289,92.26,3
290,91.43,3
291,94.58,3
292,94.52,3
293,92.21,3
294,92.26,3
295,94.31,3
296,89.2,3
297,89.26,3
298,91.26,3
299,92.71,3
300,94.22,3
301,97.64,3
302,95.72,3
303,92.6,3
304,92.95,3
305,89.92,3
306,92.8,3
307,91.91,3
308,93.67,3
309,90.14,3
310,94.1,3
311,97.06,3
312,92.05,3
313,93.5,3
314,94.28,3
315,90.92,3
316,92.71,3
317,91.98,3
318,92.15,3
319,89.44,3
320,91.74,3
321,93.07,3
322,95.83,3
323,94.26,3
324,97.74,3
325,88.88,3
326,93.7,3
327,91.53,3
328,97.45,3
329,88.35,3
330,88.15,3
331,88.77,3
332,84.08,3
333,88.77,3
334,87.96,3
335,90.58,3
336,91.04,3
337,131.06,4
338,128.17,4
339,123.47,4
340,122.39,4
341,126.45,4
342,120.89,4
343,130.22,4
344,128.15,4
345,123.08,4
346,119.22,3
347,128.3,4
348,123.76,4
349,127.69,4
350,119.07,3
351,121.92,4
352,123.61,4
353,123.6,4
354,121.98,4
355,125.06,4
356,119.85,3
357,122.49,4
358,123.14,4
359,124.19,4
360,124.64,4
361,118.99,3
362,117.62,3
363,125.91,4
364,122.93,4
365,119.54,3
366,126.3,4
367,121.84,4
368,124.89,4
369,121.4,4
370,127.23,4
371,126.17,4
372,120.0,4
373,123.51,4
374,122.38,4
375,124.39,4
376,117.23,3
377,122.03,4
378,122.99,4
379,114.38,3
380,115.95,3
381,113.22,3
382,118.36,3
383,121.16,4
384,123.35,4
385,118.9,3
386,123.4,4
387,114.21,3
388,113.07,3
389,117.85,3
390,119.0,3
391,117.58,3
392,111.3,3
393,117.07,3
394,113.25,3
395,119.0,3
396,117.91,3
397,113.82,3
398,114.92,3
399,113.11,3
400,115.92,3
401,118.8,3
402,112.79,3
403,117.08,3
404,113.8,3
405,112.83,3
406,114.71,3
407,111.74,3
408,113.0,3
409,75.35,2
410,84.65,3
411,78.67,2
412,76.28,2
413,78.84,2
414,77.67,2
415,77.15,2
416,79.47,2
417,79.71,2
418,75.65,2
419,75.33,2
420,76.04,2
421,69.76,2
422,71.93,2
423,80.38,3
424,81.02,3
425,75.14,2
426,77.42,2
427,76.43,2
428,84.54,3
429,78.46,2
430,74.52,2
431,71.84,2
432,69.68,2
433,74.91,2
434,71.83,2
435,69.63,2
436,71.76,2
437,70.25,2
438,78.35,2
439,75.73,2
440,72.86,2
441,77.12,2
442,72.71,2
443,69.68,2
444,76.63,2
445,73.47,2
446,68.54,2
447,70.87,2
448,68.61,2
449,66.88,2
450,73.59,2
451,76.33,2
452,66.2,2
453,71.88,2
454,68.02,2
455,68.3,2
456,67.78,2
457,66.75,2
458,69.28,2
459,66.42,2
460,69.52,2
461,68.34,2
462,67.56,2
463,65.34,2
464,66.12,2
465,69.9,2
466,100.0,3
467,95.35,3
468,98.36,3
469,100.1,3
470,92.62,3
471,99.05,3
472,95.21,3
473,98.69,3
474,94.48,3
475,91.13,3
476,91.45,3
477,96.26,3
478,96.68,3
479,92.97,3
480,97.38,3
481,90.26,3
482,94.83,3
483,91.17,3
484,92.63,3
485,94.51,3
486,91.57,3
487,92.78,3
488,96.73,3
489,91.76,3
490,95.78,3
491,89.66,3
492,94.42,3
493,96.94,3
494,84.98,3
495,89.78,3
496,93.68,3
497,91.12,3
498,92.63,3
499,89.48,3
500,91.33,3
501,90.39,3
502,94.14,3
503,91.18,3
504,91.21,3
505,88.74,3
506,88.29,3
507,88.24,3
508,90.5,3
509,87.83,3
510,89.75,3
511,94.88,3
512,91.05,3
513,87.24,3
514,91.6,3
515,86.56,3
516,81.45,3
517,84.32,3
518,81.51,3
519,85.85,3
520,86.74,3
521,91.5,3
522,87.23,3
523,85.38,3
524,88.3,3
525,78.97,2
526,86.09,3
527,87.48,3
528,80.51,3
529,88.16,3
530,85.53,3
531,83.05,3
532,85.98,3
533,90.68,3
534,84.2,3
535,84.18,3
536,81.85,3
537,80.46,3
538,85.29,3
539,80.01,3
540,82.58,3
541,80.72,3
542,83.38,3
543,82.73,3
544,84.63,3
545,79.78,2
546,80.29,3
547,77.95,2
548,79.34,2
549,81.6,3
550,82.53,3
551,77.28,2
552,82.45,3
553,83.7,3
554,80.67,3
555,84.85,3
556,76.69,2
557,75.07,2
558,73.26,2
559,82.88,3
560,49.08,2
561,46.74,2
562,47.55,2
563,43.13,2
564,53.64,2
565,46.49,2
566,46.23,2
567,47.87,2
568,46.94,2
569,45.97,2
570,42.73,2
571,46.31,2
572,50.35,2
573,48.54,2
574,49.09,2
575,42.58,2
576,40.95,2
577,43.34,2
578,43.69,2
579,46.61,2
580,38.06,1
581,47.53,2
582,42.28,2
583,41.28,2
584,39.34,1
585,37.22,1
586,44.46,2
587,42.03,2
588,37.75,1
589,37.55,1
590,40.24,2
591,46.07,2
592,40.1,2
593,36.18,1
594,39.77,1
595,39.51,1
596,32.05,1
597,39.8,1
598,39.09,1
599,41.69,2
600,79.69,2
601,77.34,2
602,72.98,2
603,70.29,2
604,81.16,3
605,73.44,2
606,73.13,2
607,72.85,2
608,73.34,2
609,72.14,2
610,70.68,2
611,70.6,2
612,71.97,2
613,70.27,2
614,69.6,2
615,71.89,2
616,70.64,2
617,75.75,2
618,63.13,2
619,74.19,2
620,74.49,2
621,64.38,2
622,69.41,2
623,69.16,2
624,65.9,2
625,67.63,2
626,66.48,2
627,74.91,2
628,72.31,2
629,73.17,2
630,71.37,2
631,65.66,2
632,67.33,2
633,70.22,2
634,64.94,2
635,70.6,2
636,67.6,2
637,67.05,2
638,70.16,2
639,69.22,2
640,66.66,2
641,71.09,2
642,64.23,2
643,69.18,2
644,68.97,2
645,66.13,2
646,67.9,2
647,63.04,2
648,69.43,2
649,65.97,2
650,64.83,2
651,69.42,2
652,64.03,2
653,61.79,2
654,61.22,2
655,67.59,2
656,61.8,2
657,70.79,2
658,59.16,2
659,70.37,2
660,65.8,2
661,64.76,2
662,63.3,2
663,66.01,2
664,64.59,2
665,67.9,2
666,64.82,2
667,64.82,2
668,63.17,2
669,63.98,2
670,64.97,2
671,58.81,2
672,59.79,2
673,65.96,2
674,64.14,2
675,62.98,2
676,63.49,2
677,64.38,2
678,61.62,2
679,26.09,1
680,28.92,1
681,25.3,1
682,29.37,1
683,22.95,1
684,31.05,1
685,29.3,1
686,28.56,1
687,30.65,1
688,32.62,1
689,30.58,1
690,21.94,1
691,23.54,1
692,25.42,1
693,27.3,1
694,28.7,1
695,24.89,1
696,27.56,1
697,24.66,1
698,25.02,1
699,22.56,1
700,23.94,1
701,22.59,1
702,23.65,1
703,29.68,1
704,23.6,1
705,34.29,1
706,27.81,1
707,26.82,1
708,23.64,1
709,28.26,1
710,24.37,1
711,26.41,1
712,33.67,1
713,25.65,1
714,29.34,1
715,23.73,1
716,25.69,1
717,31.06,1
718,23.82,1
719,31.1,1
720,27.74,1
721,23.89,1
722,27.44,1
723,28.42,1
724,27.33,1
725,20.72,1
726,23.22,1
727,24.62,1
728,25.11,1
729,27.17,1
730,25.81,1
731,21.24,1
732,26.36,1
733,27.03,1
734,26.86,1
735,28.4,1
736,27.64,1
737,26.49,1
738,24.89,1
739,20.1,1
740,26.36,1
741,25.68,1
742,25.86,1
743,21.2,1
744,21.78,1
745,28.18,1
746,24.89,1
747,27.05,1
748,25.09,1
749,25.09,1
750,27.81,1
751,23.45,1
752,25.29,1
753,23.62,1
754,23.71,1
755,24.09,1
756,25.69,1
757,23.6,1
758,28.81,1
759,22.37,1
760,24.51,1
761,23.76,1
762,29.44,1
763,25.71,1
764,28.23,1
765,20.7,1
766,25.98,1
767,27.87,1
768,25.47,1
769,50.88,2
770,46.16,2
771,51.96,2
772,54.66,2
773,46.71,2
774,46.49,2
775,52.22,2
776,52.64,2
777,46.37,2
778,46.71,2
779,47.17,2
780,44.02,2
781,45.34,2
782,45.12,2
783,45.88,2
784,48.12,2
785,48.98,2
786,52.97,2
787,45.38,2
788,51.38,2
789,47.84,2
790,48.38,2
791,50.61,2
792,45.28,2
793,49.85,2
794,49.26,2
795,50.3,2
796,49.75,2
797,56.31,2
798,47.1,2
799,47.48,2
800,47.28,2
801,47.55,2
802,47.37,2
803,52.92,2
804,53.69,2
805,47.79,2
806,47.08,2
807,51.07,2
808,48.07,2
809,51.71,2
810,50.5,2
811,45.42,2
812,54.7,2
813,55.53,2
814,48.39,2
815,49.15,2
816,51.26,2
817,51.49,2
818,30.12,1
819,34.27,1
820,27.8,1
821,26.03,1
822,24.38,1
823,26.42,1
824,28.62,1
825,34.2,1
826,27.36,1
827,29.69,1
828,29.07,1
829,32.79,1
830,36.91,1
831,27.84,1
832,28.08,1
833,32.79,1
834,31.81,1
835,35.41,1
836,31.74,1
837,29.02,1
838,31.99,1
839,33.66,1
840,32.91,1
841,32.09,1
842,33.89,1
843,34.32,1
844,35.08,1
845,33.0,1
846,30.68,1
847,31.74,1
848,35.05,1
849,29.1,1
850,32.79,1
851,30.63,1
852,32.03,1
853,35.91,1
854,32.78,1
855,32.48,1
856,28.4,1
857,34.86,1
858,34.69,1
859,39.38,1
860,72.73,2
861,74.45,2
862,74.68,2
863,78.81,2
864,73.94,2
865,75.2,2
866,76.34,2
867,75.22,2
868,73.47,2
869,75.54,2
870,78.33,2
871,72.18,2
872,75.81,2
873,73.46,2
874,79.3,2
875,71.3,2
876,74.35,2
877,77.32,2
878,81.04,3
879,76.3,2
880,75.0,2
881,82.46,3
882,72.64,2
883,70.55,2
884,78.63,2
885,75.97,2
886,74.58,2
887,79.93,2
888,78.7,2
889,76.45,2
890,74.47,2
891,81.1,3
892,80.6,3
893,78.52,2
894,43.91,2
895,35.34,1
896,34.15,1
897,36.82,1
898,38.94,1
899,39.98,1
900,38.7,1
901,40.66,2
902,36.03,1
903,44.3,2
904,39.9,1
905,43.68,2
906,41.54,2
907,42.06,2
908,42.59,2
909,42.4,2
910,43.17,2
911,45.42,2
912,42.21,2
913,43.93,2
914,41.73,2
915,46.5,2
916,40.34,2
917,47.97,2
918,42.63,2
919,38.65,1
920,43.52,2
921,41.29,2
922,46.05,2
923,41.76,2
924,42.58,2
925,38.44,1
926,42.95,2
927,37.23,1
928,39.95,1
929,47.18,2
930,47.46,2
931,46.57,2
932,42.6,2
933,45.55,2
934,45.89,2
935,42.62,2
936,50.81,2
937,49.14,2
938,46.04,2
939,46.99,2
940,47.74,2
941,41.2,2
942,46.78,2
943,45.69,2
944,44.93,2
945,47.3,2
946,53.74,2
947,50.48,2
948,47.05,2
949,50.69,2
950,53.38,2
951,52.17,2
952,49.78,2
953,47.87,2
954,52.12,2
955,51.42,2
956,53.13,2
957,52.56,2
958,54.02,2
959,49.48,2
960,55.25,2
961,52.1,2
962,57.95,2
963,49.87,2
964,57.36,2
965,52.96,2
966,50.63,2
967,51.34,2
968,52.05,2
969,54.5,2
970,55.01,2
971,51.94,2
972,53.8,2
973,60.52,2
974,59.49,2
975,55.83,2
976,54.86,2
977,55.32,2
978,57.02,2
979,52.33,2
980,54.84,2
981,50.83,2
982,57.25,2
983,58.21,2
984,55.04,2
985,61.43,2
986,53.25,2
987,52.75,2
988,58.04,2
989,60.72,2
990,62.85,2
991,56.65,2
992,61.48,2
993,58.35,2
994,58.16,2
995,61.55,2
996,61.08,2
997,54.61,2
998,63.99,2
999,63.92,2
1000,58.12,2
1001,61.41,2
1002,61.92,2
1003,61.44,2
1004,59.23,2
1005,59.08,2
1006,61.24,2
1007,65.06,2
1008,63.39,2
1009,60.87,2
1010,64.51,2
1011,53.87,2
1012,66.08,2
1013,57.64,2
1014,61.99,2
1015,59.93,2
1016,59.63,2
1017,67.21,2
1018,62.55,2
1019,65.21,2
1020,64.25,2
1021,66.04,2
1022,65.05,2
1023,61.19,2
1024,68.25,2
1025,63.99,2
1026,61.02,2
1027,64.62,2
1028,70.63,2
1029,68.89,2
1030,65.51,2
1031,65.73,2
1032,66.02,2
1033,73.44,2
1034,68.57,2
1035,68.93,2
1036,70.94,2
1037,68.78,2
1038,67.5,2
1039,67.9,2
1040,68.49,2
1041,68.81,2
1042,71.31,2
1043,69.5,2
1044,71.75,2
1045,69.52,2
1046,70.21,2
1047,64.19,2
1048,73.15,2
1049,71.65,2
1050,73.81,2
1051,62.34,2
1052,77.5,2
1053,71.02,2
1054,74.97,2
1055,68.74,2
1056,73.9,2
1057,69.11,2
1058,70.6,2
1059,78.42,2
1060,72.31,2
1061,73.74,2
1062,75.9,2
1063,74.98,2
1064,74.15,2
1065,75.0,2
1066,81.31,3
1067,74.13,2
1068,75.11,2
1069,77.85,2
1070,78.22,2
1071,78.66,2
1072,77.22,2
1073,72.07,2
1074,80.59,3
1075,72.45,2
1076,76.99,2
1077,74.02,2
1078,76.28,2
1079,77.65,2
1080,77.83,2
1081,78.32,2
1082,82.09,3
1083,78.8,2
1084,76.89,2
1085,80.71,3
1086,81.57,3
1087,74.51,2
1088,80.17,3
1089,80.67,3
1090,77.86,2
1091,83.07,3
1092,78.67,2
1093,79.68,2
1094,78.97,2
1095,79.72,2
1096,76.57,2
1097,75.71,2
1098,85.0,3
1099,77.85,2
1100,77.6,2
1101,74.29,2
1102,79.01,2
1103,77.13,2
1104,86.2,3
1105,84.48,3
1106,79.56,2
1107,88.55,3
1108,84.91,3
1109,81.17,3
1110,74.81,2
1111,89.35,3
1112,78.48,2
1113,77.88,2
1114,86.05,3
1115,90.47,3
1116,87.46,3
1117,85.17,3
1118,85.42,3
1119,86.36,3
1120,86.24,3
1121,84.96,3
1122,84.59,3
1123,84.25,3
1124,82.33,3
1125,83.91,3
1126,79.82,2
1127,84.76,3
1128,82.25,3
1129,82.05,3
1130,86.05,3
1131,89.84,3
1132,88.57,3
1133,81.25,3
1134,83.14,3
1135,89.08,3
1136,83.45,3
1137,85.87,3
1138,88.34,3
1139,83.92,3
1140,87.28,3
1141,83.11,3
1142,85.44,3
1143,88.34,3
1144,82.74,3
1145,88.98,3
1146,87.73,3
1147,89.58,3
1148,88.73,3
1149,92.28,3
1150,88.69,3
1151,87.16,3
1152,88.94,3
1153,90.33,3
1154,88.97,3
1155,89.07,3
1156,86.96,3
1157,87.2,3
1158,85.11,3
1159,94.68,3
1160,85.82,3
1161,87.59,3
1162,87.63,3
1163,92.58,3
1164,89.13,3
1165,93.87,3
1166,88.22,3
1167,91.18,3
1168,87.95,3
1169,97.0,3
1170,87.11,3
1171,91.71,3
1172,92.78,3
1173,92.22,3
1174,90.53,3
1175,90.8,3
1176,91.42,3
1177,90.94,3
1178,94.37,3
1179,98.21,3
1180,90.0,3
1181,87.65,3
1182,91.59,3
1183,99.68,3
1184,126.03,4
1185,133.45,4
1186,133.65,4
1187,127.04,4
1188,130.49,4
1189,133.75,4
1190,127.81,4
1191,128.42,4
1192,127.36,4
1193,126.14,4
1194,127.32,4
1195,125.67,4
1196,129.51,4
1197,127.18,4
1198,130.26,4
1199,124.96,4
1200,130.69,4
1201,132.26,4
1202,123.85,4
1203,131.01,4
1204,133.64,4
1205,126.39,4
1206,135.1,4
1207,131.4,4
1208,128.08,4
1209,130.09,4
1210,131.98,4
1211,130.59,4
1212,132.03,4
1213,127.7,4
1214,131.02,4
1215,126.32,4
1216,130.28,4
1217,127.95,4
1218,128.5,4
1219,134.45,4
1220,134.06,4
1221,132.66,4
1222,127.59,4
1223,129.96,4
1224,134.58,4
1225,131.4,4
1226,137.97,4
1227,132.22,4
1228,131.65,4
1229,130.18,4
1230,131.53,4
1231,130.7,4
1232,133.31,4
1233,134.08,4
1234,128.87,4
1235,127.26,4
1236,125.76,4
1237,132.82,4
1238,128.0,4
1239,124.87,4
1240,132.5,4
1241,138.83,4
1242,131.35,4
1243,133.89,4
1244,131.63,4
1245,131.09,4
1246,134.15,4
1247,130.53,4
1248,132.21,4
1249,132.37,4
1250,129.4,4
1251,134.38,4
1252,130.88,4
1253,129.13,4
1254,133.01,4
1255,128.7,4
1256,131.47,4
1257,131.35,4
1258,134.62,4
1259,132.78,4
1260,131.26,4
1261,133.78,4
1262,135.48,4
1263,132.96,4
1264,131.3,4
1265,127.32,4
1266,128.04,4
1267,160.0,4
1268,160.0,4
1269,160.0,4
1270,160.0,4
1271,160.0,4
1272,160.0,4
1273,160.0,4
1274,160.0,4
1275,160.0,4
1276,160.0,4
1277,160.0,4
1278,160.0,4
1279,153.94,4
1280,156.7,4
1281,155.72,4
1282,151.38,4
1283,156.45,4
1284,152.37,4
1285,150.87,4
1286,149.99,4
1287,150.87,4
1288,150.57,4
1289,152.19,4
1290,152.11,4
1291,151.58,4
1292,152.82,4
1293,155.03,4
1294,154.24,4
1295,146.88,4
1296,143.61,4
1297,154.01,4
1298,147.04,4
1299,150.4,4
1300,147.5,4
1301,145.54,4
1302,152.5,4
1303,153.08,4
1304,149.0,4
1305,142.88,4
1306,148.94,4
1307,151.68,4
1308,145.99,4
1309,150.9,4
1310,150.22,4
1311,151.92,4
1312,150.46,4
1313,147.1,4
1314,153.52,4
1315,149.37,4
1316,149.67,4
1317,146.87,4
1318,148.25,4
1319,146.83,4
1320,148.87,4
1321,154.43,4
1322,145.09,4
1323,144.27,4
1324,153.42,4
1325,148.28,4
1326,146.8,4
1327,151.83,4
1328,146.79,4
1329,153.98,4
1330,150.43,4
1331,146.82,4
1332,154.65,4
1333,146.25,4
1334,150.19,4
1335,148.75,4
1336,151.64,4
1337,152.31,4
1338,147.6,4
1339,145.13,4
1340,148.65,4
1341,145.12,4
1342,153.08,4
1343,147.33,4
1344,145.7,4
1345,147.23,4
1346,142.51,4
1347,143.51,4
1348,149.9,4
1349,144.2,4
1350,111.56,3
1351,116.18,3
1352,118.0,3
1353,116.47,3
1354,117.16,3
1355,111.77,3
1356,83.25,3
1357,91.89,3
1358,86.28,3
1359,86.36,3
1360,90.95,3
1361,88.5,3
1362,88.05,3
1363,112.31,3
1364,103.74,3
1365,108.31,3
1366,105.55,3
1367,106.04,3
1368,109.67,3
1369,106.46,3
1370,106.4,3
1371,107.85,3
1372,103.39,3
1373,101.81,3
1374,101.04,3
1375,98.12,3
1376,110.03,3
1377,100.4,3
1378,102.89,3
1379,102.56,3
1380,104.15,3
1381,105.52,3
1382,105.49,3
1383,101.0,3
1384,102.08,3
1385,103.26,3
1386,101.51,3
1387,106.91,3
1388,103.39,3
1389,103.95,3
1390,103.57,3
1391,104.93,3
1392,101.78,3
1393,97.18,3
1394,102.1,3
1395,98.77,3
1396,98.96,3
1397,102.13,3
1398,103.91,3
1399,100.09,3
1400,100.77,3
1401,104.77,3
1402,100.21,3
1403,107.11,3
1404,100.82,3
1405,93.66,3
1406,101.02,3
1407,99.72,3
1408,102.26,3
1409,100.23,3
1410,97.61,3
1411,94.17,3
1412,97.03,3
1413,94.91,3
1414,95.54,3
1415,98.85,3
1416,101.91,3
1417,97.89,3
1418,92.93,3
1419,97.66,3
1420,99.72,3
1421,94.11,3
1422,95.34,3
1423,95.6,3
1424,93.0,3
1425,97.11,3
1426,94.6,3
1427,96.03,3
1428,91.91,3
1429,93.06,3
1430,96.34,3
1431,92.86,3
1432,98.96,3
1433,92.38,3
1434,94.05,3
1435,95.97,3
1436,88.71,3
1437,87.48,3
1438,87.99,3
1439,96.15,3
1440,90.5,3
1441,99.63,3
1442,70.78,2
1443,72.82,2
1444,76.69,2
1445,77.87,2
1446,77.83,2
1447,75.07,2
1448,74.31,2
1449,72.8,2
1450,73.15,2
1451,68.95,2
1452,67.94,2
1453,70.18,2
1454,69.47,2
1455,68.41,2
1456,71.64,2
1457,72.21,2
1458,69.39,2
1459,73.35,2
1460,65.28,2
1461,67.91,2
1462,66.13,2
1463,62.46,2
1464,67.6,2
1465,67.27,2
1466,71.96,2
1467,69.1,2
1468,63.92,2
1469,72.34,2
1470,70.22,2
1471,68.09,2
1472,65.45,2
1473,63.03,2
1474,64.58,2
1475,68.74,2
1476,70.91,2
1477,69.67,2
1478,63.36,2
1479,61.25,2
1480,64.81,2
1481,58.86,2
1482,64.92,2
1483,63.29,2
1484,62.11,2
1485,58.51,2
1486,64.62,2
1487,61.26,2
1488,59.13,2
1489,53.8,2
1490,62.12,2
1491,67.29,2
1492,66.74,2
1493,60.17,2
1494,59.51,2
1495,62.51,2
1496,57.88,2
1497,61.57,2
1498,62.74,2
1499,63.9,2
1500,59.7,2
1501,59.17,2
1502,56.93,2
1503,56.86,2
1504,58.44,2
1505,60.0,2
1506,61.42,2
1507,56.05,2
1508,62.72,2
1509,57.21,2
1510,57.74,2
1511,55.34,2
1512,50.09,2
1513,59.8,2
1514,59.14,2
1515,55.86,2
1516,56.69,2
1517,57.82,2
1518,51.36,2
1519,54.24,2
1520,58.0,2
1521,51.63,2
1522,56.06,2
1523,50.89,2
1524,56.14,2
1525,54.42,2
1526,49.46,2
1527,57.59,2
1528,51.67,2
1529,51.23,2
1530,54.04,2
1531,56.67,2
1532,49.96,2
1533,52.98,2
1534,53.87,2
1535,54.44,2
1536,52.68,2
1537,50.84,2
1538,49.24,2
1539,51.77,2
1540,48.08,2
1541,42.32,2
1542,52.18,2
1543,53.37,2
1544,43.36,2
1545,47.21,2
1546,51.88,2
1547,55.99,2
1548,49.67,2
1549,47.21,2
1550,48.64,2
1551,53.1,2
1552,46.83,2
1553,46.16,2
1554,46.9,2
1555,45.28,2
1556,48.31,2
1557,52.61,2
1558,48.49,2
1559,46.56,2
1560,46.24,2
1561,42.22,2
1562,49.36,2
1563,46.27,2
1564,45.76,2
1565,55.68,2
1566,46.79,2
1567,43.44,2
1568,44.22,2
1569,48.74,2
1570,45.44,2
1571,40.58,2
1572,47.46,2
1573,42.5,2
1574,49.93,2
1575,47.35,2
1576,42.57,2
1577,47.56,2
1578,43.73,2
1579,45.89,2
1580,44.59,2
1581,40.41,2
1582,40.82,2
1583,45.65,2
1584,41.37,2
1585,40.97,2
1586,39.13,1
1587,43.08,2
1588,47.81,2
1589,38.23,1
1590,41.32,2
1591,45.3,2
1592,40.64,2
1593,42.05,2
1594,37.32,1
1595,41.61,2
1596,39.58,1
1597,42.92,2
1598,43.35,2
1599,47.37,2
1600,41.17,2
1601,40.23,2
1602,39.66,1
1603,37.84,1
1604,39.74,1
1605,37.66,1
1606,38.88,1
1607,42.16,2
1608,35.01,1
1609,41.28,2
1610,41.64,2
1611,37.17,1
1612,30.99,1
1613,35.36,1
1614,40.91,2
1615,36.79,1
1616,33.69,1
1617,35.01,1
1618,38.89,1
1619,37.84,1
1620,35.32,1
1621,34.78,1
1622,34.55,1
1623,32.8,1
1624,40.25,2
1625,34.28,1
1626,38.75,1
1627,39.51,1
1628,37.78,1
1629,33.34,1
1630,35.7,1
1631,34.26,1
1632,31.48,1
1633,35.01,1
1634,30.35,1
1635,37.31,1
1636,32.21,1
1637,34.06,1
1638,34.16,1
1639,32.4,1
1640,34.79,1
1641,31.47,1
1642,35.37,1
1643,28.58,1
1644,32.86,1
1645,38.16,1
1646,29.21,1
1647,30.04,1
1648,33.49,1
1649,32.35,1
1650,32.74,1
1651,33.02,1
1652,33.33,1
1653,34.63,1
1654,32.41,1
1655,30.33,1
1656,32.95,1
1657,36.51,1
1658,30.29,1
1659,27.64,1
1660,33.77,1
1661,29.97,1
1662,23.7,1
1663,32.64,1
1664,28.38,1
1665,29.6,1
1666,30.76,1
1667,30.22,1
1668,31.67,1
1669,28.13,1
1670,30.87,1
1671,28.45,1
1672,31.34,1
1673,30.86,1
1674,26.11,1
1675,32.07,1
1676,27.11,1
1677,31.04,1
1678,29.62,1
1679,33.94,1
1680,27.66,1
1681,27.19,1
1682,28.09,1
1683,27.15,1
1684,30.37,1
1685,23.03,1
1686,24.63,1
1687,24.5,1
1688,30.47,1
1689,32.67,1
1690,27.14,1
1691,26.87,1
1692,27.51,1
1693,30.71,1
1694,24.36,1
1695,27.78,1
1696,29.92,1
1697,28.43,1
1698,27.42,1
1699,29.78,1
1700,20.0,1
1701,28.68,1
1702,24.62,1
1703,21.02,1
1704,27.99,1
1705,30.51,1
1706,25.92,1
1707,29.13,1
1708,31.05,1
1709,30.1,1
1710,31.02,1
1711,28.27,1
1712,26.22,1
1713,21.14,1
1714,25.15,1
1715,23.31,1
1716,32.31,1
1717,25.22,1
1718,26.07,1
1719,27.32,1
1720,25.75,1
1721,30.66,1
1722,23.67,1
1723,26.09,1
1724,23.24,1
1725,21.47,1
1726,23.56,1
1727,25.25,1
1728,24.05,1
1729,23.23,1
1730,21.06,1
1731,25.0,1
1732,20.71,1
1733,27.48,1
1734,25.42,1
1735,20.78,1
1736,24.21,1
1737,22.86,1
1738,26.06,1
1739,29.1,1
1740,20.0,1
1741,25.4,1
1742,24.56,1
1743,27.05,1
1744,25.66,1
1745,22.76,1
1746,24.05,1
1747,22.62,1
1748,28.23,1
1749,25.06,1
1750,30.7,1
1751,24.82,1
1752,22.88,1
1753,20.47,1
1754,20.0,1
1755,20.26,1
1756,25.83,1
1757,26.56,1
1758,20.3,1
1759,27.74,1
1760,23.62,1
1761,25.52,1
1762,29.94,1
1763,27.81,1
1764,24.33,1
1765,22.48,1
1766,20.0,1
1767,23.04,1
1768,24.59,1
1769,22.29,1
1770,24.88,1
1771,25.53,1
1772,24.66,1
1773,23.41,1
1774,25.9,1
1775,26.76,1
1776,22.19,1
1777,29.74,1
1778,25.24,1
1779,25.64,1
1780,27.74,1
1781,26.36,1
1782,28.56,1
1783,26.61,1
1784,23.96,1
1785,26.93,1
1786,22.46,1
1787,26.27,1
1788,25.89,1
1789,25.42,1
1790,25.71,1
1791,20.51,1
1792,24.57,1
1793,26.55,1
1794,26.81,1
1795,23.31,1
1796,30.25,1
1797,23.92,1
1798,29.49,1
1799,27.93,1
1800,24.77,1
1801,32.11,1
1802,23.27,1
1803,29.68,1
1804,30.0,1
1805,25.06,1
1806,31.32,1
1807,26.47,1
1808,28.16,1
1809,28.16,1
1810,27.05,1
1811,29.97,1
1812,30.0,1
1813,22.46,1
1814,31.7,1
1815,22.89,1
1816,31.06,1
1817,31.44,1
1818,24.87,1
1819,27.01,1
1820,25.01,1
1821,27.78,1
1822,27.6,1
1823,30.96,1
1824,32.65,1
1825,33.0,1
1826,27.23,1
1827,28.39,1
1828,24.07,1
1829,26.81,1
1830,32.22,1
1831,34.28,1
1832,25.84,1
1833,27.88,1
1834,29.68,1
1835,30.71,1
1836,27.56,1
1837,31.37,1
1838,28.79,1
1839,30.29,1
1840,32.09,1
1841,30.59,1
1842,29.38,1
1843,30.48,1
1844,30.66,1
1845,29.94,1
1846,30.4,1
1847,36.1,1
1848,33.11,1
1849,30.67,1
1850,33.78,1
1851,30.81,1
1852,35.46,1
1853,33.19,1
1854,31.89,1
1855,33.69,1
1856,27.77,1
1857,29.24,1
1858,29.17,1
1859,33.32,1
1860,38.23,1
1861,39.87,1
1862,35.23,1
1863,34.96,1
1864,28.2,1
1865,32.12,1
1866,31.53,1
1867,32.18,1
1868,33.68,1
1869,32.92,1
1870,28.55,1
1871,36.88,1
1872,31.57,1
1873,35.66,1
1874,41.32,2
1875,32.49,1
1876,27.82,1
1877,34.71,1
1878,39.03,1
1879,41.76,2
1880,32.35,1
1881,37.69,1
1882,34.97,1
1883,36.21,1
1884,44.62,2
1885,32.35,1
1886,37.78,1
1887,38.59,1
1888,40.61,2
1889,37.82,1
1890,38.61,1
1891,36.69,1
1892,38.84,1
1893,37.17,1
1894,40.24,2
1895,37.44,1
1896,39.85,1
1897,38.81,1
1898,42.45,2
1899,39.1,1
1900,34.11,1
1901,43.39,2
1902,37.07,1
1903,38.0,1
1904,38.36,1
1905,44.45,2
1906,34.1,1
1907,50.11,2
1908,44.04,2
1909,41.73,2
1910,41.08,2
1911,42.29,2
1912,43.18,2
1913,43.74,2
1914,43.66,2
1915,42.45,2
1916,41.78,2
1917,42.11,2
1918,42.17,2
1919,46.35,2
1920,44.92,2
1921,34.51,1
1922,45.49,2
1923,44.3,2
1924,43.86,2
1925,42.94,2
1926,47.68,2
1927,47.35,2
1928,42.38,2
1929,46.12,2
1930,42.18,2
1931,41.16,2
1932,43.62,2
1933,48.28,2
1934,48.76,2
1935,47.64,2
1936,48.48,2
1937,48.05,2
1938,44.78,2
1939,48.21,2
1940,49.52,2
1941,49.58,2
1942,51.09,2
1943,49.86,2
1944,48.99,2
1945,51.35,2
1946,48.27,2
1947,45.91,2
1948,48.28,2
1949,46.74,2
1950,47.16,2
1951,48.96,2
1952,47.23,2
1953,48.89,2
1954,44.34,2
1955,50.88,2
1956,50.45,2
1957,48.21,2
1958,52.85,2
1959,53.9,2
1960,46.47,2
1961,49.22,2
1962,49.42,2
1963,49.12,2
1964,54.64,2
1965,51.78,2
1966,51.79,2
1967,46.78,2
1968,54.92,2
1969,49.51,2
1970,53.62,2
1971,54.49,2
1972,57.96,2
1973,50.16,2
1974,45.25,2
1975,55.08,2
1976,60.14,2
1977,58.68,2
1978,55.81,2
1979,53.92,2
1980,58.03,2
1981,52.91,2
1982,57.48,2
1983,57.79,2
1984,59.67,2
1985,64.99,2
1986,58.1,2
1987,55.62,2
1988,57.29,2
1989,52.28,2
1990,55.72,2
1991,56.79,2
1992,56.67,2
1993,58.92,2
1994,56.21,2
1995,62.26,2
1996,59.12,2
1997,59.31,2
1998,58.58,2
1999,60.25,2
2000,62.48,2
2001,57.62,2
2002,58.47,2
2003,59.75,2
2004,56.84,2
2005,58.64,2
2006,59.89,2
2007,64.16,2
2008,62.55,2
2009,62.56,2
2010,64.75,2
2011,62.0,2
2012,63.81,2
2013,62.55,2
2014,63.87,2
2015,61.55,2
2016,56.2,2
2017,63.33,2
2018,68.22,2
2019,66.95,2
2020,67.28,2
2021,68.31,2
2022,65.09,2
2023,65.63,2
2024,63.4,2
2025,64.53,2
2026,67.54,2
2027,69.52,2
2028,65.71,2
2029,64.99,2
2030,66.56,2
2031,68.58,2
2032,62.66,2
2033,60.32,2
2034,65.77,2
2035,63.97,2
2036,66.33,2
2037,67.62,2
2038,66.92,2
2039,72.85,2
2040,69.68,2
2041,85.38,3
2042,86.55,3
2043,81.48,3
2044,88.23,3
2045,85.1,3
2046,87.55,3
2047,82.53,3
2048,81.29,3
2049,88.62,3
2050,87.5,3
2051,83.88,3
2052,84.18,3
2053,90.38,3
2054,83.64,3
2055,92.34,3
2056,84.92,3
2057,89.74,3
2058,87.05,3
2059,90.05,3
2060,86.81,3
2061,88.16,3
2062,88.97,3
2063,86.05,3
2064,91.48,3
2065,87.92,3
2066,88.97,3
2067,86.88,3
2068,82.37,3
2069,74.13,2
2070,82.14,3
2071,77.45,2
2072,75.24,2
2073,74.71,2
2074,75.76,2
2075,77.53,2
2076,72.54,2
2077,79.62,2
2078,78.62,2
2079,78.82,2
2080,78.18,2
2081,77.11,2
2082,79.26,2
2083,79.21,2
2084,76.56,2
2085,76.1,2
2086,78.31,2
2087,82.84,3
2088,74.66,2
2089,74.17,2
2090,79.25,2
2091,79.09,2
2092,79.64,2
2093,80.04,3
2094,78.82,2
2095,84.14,3
2096,75.05,2
2097,77.55,2
2098,79.91,2
2099,75.46,2
2100,80.04,3
2101,85.73,3
2102,80.99,3
2103,81.79,3
2104,77.5,2
2105,79.6,2
2106,80.5,3
2107,80.84,3
2108,85.81,3
2109,83.81,3
2110,78.98,2
2111,83.22,3
2112,84.14,3
2113,86.23,3
2114,87.72,3
2115,80.1,3
2116,80.88,3
2117,79.7,2
2118,82.93,3
2119,85.2,3
2120,86.92,3
2121,83.89,3
2122,83.32,3
2123,84.89,3
2124,82.09,3
2125,91.02,3
2126,80.08,3
2127,85.61,3
2128,91.28,3
2129,85.38,3
2130,84.94,3
2131,84.59,3
2132,85.27,3
2133,90.08,3
2134,79.47,2
2135,90.85,3
2136,82.13,3
2137,85.74,3
2138,85.4,3
2139,88.59,3
2140,82.17,3
2141,88.49,3
2142,93.32,3
2143,83.29,3
2144,88.09,3
2145,85.67,3
2146,89.07,3
2147,87.98,3
2148,86.13,3
2149,89.65,3
2150,93.73,3
2151,87.87,3
2152,90.73,3
2153,84.82,3
2154,85.95,3
2155,90.37,3
2156,93.52,3
2157,90.26,3
2158,88.37,3
2159,89.43,3
2160,85.8,3
2161,91.48,3
2162,92.43,3
2163,88.54,3
2164,88.6,3
2165,90.92,3
2166,88.93,3
2167,90.15,3
2168,96.76,3
2169,89.82,3
2170,89.6,3
2171,88.83,3
2172,93.11,3
2173,90.44,3
2174,89.14,3
2175,95.15,3
2176,95.54,3
2177,89.58,3
2178,85.88,3
2179,94.6,3
2180,89.62,3
2181,94.13,3
2182,85.94,3
2183,94.62,3
2184,88.4,3
2185,94.31,3
2186,92.25,3
2187,89.43,3
2188,91.16,3
2189,94.52,3
2190,92.86,3
2191,94.38,3
2192,98.63,3
2193,88.09,3
2194,97.71,3
2195,93.24,3
2196,90.31,3
2197,89.09,3
2198,92.58,3
2199,95.98,3
2200,92.9,3
2201,97.89,3
2202,89.07,3
2203,93.45,3
2204,89.79,3
2205,94.7,3
2206,96.33,3
2207,92.47,3
2208,85.98,3
2209,94.44,3
2210,95.21,3
2211,95.17,3
2212,97.71,3
2213,90.85,3
2214,96.15,3
2215,97.73,3
2216,88.87,3
2217,95.21,3
2218,92.78,3
2219,94.09,3
2220,95.42,3
2221,92.96,3
2222,92.43,3
2223,94.6,3
2224,91.27,3
2225,91.31,3
2226,96.64,3
2227,91.19,3
2228,96.67,3
2229,96.08,3
2230,89.55,3
2231,92.72,3
2232,98.36,3
2233,91.86,3
2234,93.43,3
2235,96.23,3
2236,97.21,3
2237,94.13,3
2238,93.11,3
2239,99.18,3
2240,100.15,3
2241,97.88,3
2242,95.21,3
2243,92.54,3
2244,92.48,3
2245,96.55,3
2246,96.24,3
2247,99.2,3
2248,96.95,3
2249,90.49,3
2250,98.16,3
2251,92.01,3
2252,93.85,3
2253,95.74,3
2254,100.98,3
2255,104.31,3
2256,96.8,3
2257,94.42,3
2258,96.56,3
2259,97.61,3
2260,93.97,3
2261,100.3,3
2262,95.59,3
2263,96.38,3
2264,96.86,3
2265,96.11,3
2266,97.34,3
2267,92.95,3
2268,93.1,3
2269,91.45,3
2270,96.04,3
2271,97.03,3
2272,96.04,3
2273,99.66,3
2274,94.59,3
2275,96.58,3
2276,91.26,3
2277,93.34,3
2278,96.55,3
2279,96.97,3
2280,93.5,3
2281,94.12,3
2282,89.74,3
2283,93.18,3
2284,96.88,3
2285,95.88,3
2286,95.61,3
2287,94.21,3
2288,94.03,3
2289,91.97,3
2290,96.0,3
2291,95.11,3
2292,95.26,3
2293,92.15,3
2294,87.21,3
2295,96.9,3
2296,92.11,3
2297,90.9,3
2298,95.5,3
2299,92.18,3
2300,96.47,3
2301,95.07,3
2302,95.2,3
2303,88.98,3
2304,96.64,3
2305,93.71,3
2306,91.75,3
2307,93.21,3
2308,87.37,3
2309,93.85,3
2310,89.45,3
2311,88.4,3
2312,87.81,3
2313,95.63,3
2314,90.32,3
2315,96.72,3
2316,90.43,3
2317,86.82,3
2318,88.5,3
2319,95.47,3
2320,91.2,3
2321,89.93,3
2322,91.96,3
2323,92.89,3
2324,94.64,3
2325,95.53,3
2326,90.01,3
2327,87.0,3
2328,89.64,3
2329,91.56,3
2330,87.78,3
2331,87.69,3
2332,91.49,3
2333,90.2,3
2334,90.34,3
2335,87.85,3
2336,89.32,3
2337,87.13,3
2338,92.46,3
2339,92.77,3
2340,84.01,3
2341,86.64,3
2342,84.82,3
2343,87.24,3
2344,88.82,3
2345,84.6,3
2346,86.06,3
2347,85.69,3
2348,89.19,3
2349,88.65,3
2350,86.15,3
2351,88.72,3
2352,86.41,3
2353,87.11,3
2354,92.81,3
2355,91.68,3
2356,83.62,3
2357,89.87,3
2358,89.68,3
2359,83.66,3
2360,89.42,3
2361,91.44,3
2362,83.32,3
2363,83.79,3
2364,89.45,3
2365,87.07,3
2366,87.76,3
2367,86.98,3
2368,86.99,3
2369,81.68,3
2370,88.66,3
2371,88.87,3
2372,84.52,3
2373,84.93,3
2374,80.31,3
2375,86.29,3
2376,86.31,3
2377,84.25,3
2378,87.65,3
2379,83.12,3
2380,85.65,3
2381,80.74,3
2382,83.57,3
2383,82.95,3
2384,83.99,3
2385,82.04,3
2386,82.59,3
2387,85.29,3
2388,81.34,3
2389,77.66,2
2390,87.56,3
2391,86.28,3
2392,78.09,2
2393,83.87,3
2394,80.12,3
2395,82.24,3
2396,82.16,3
2397,80.4,3
2398,78.58,2
2399,78.68,2
2400,77.82,2
2401,77.9,2
2402,80.01,3
2403,77.89,2
2404,81.9,3
2405,84.13,3
2406,77.75,2
2407,80.03,3
2408,80.62,3
2409,80.36,3
2410,78.98,2
2411,80.8,3
2412,79.83,2
2413,74.48,2
2414,80.61,3
2415,80.48,3
2416,75.34,2
2417,77.55,2
2418,79.3,2
2419,76.43,2
2420,80.08,3
2421,83.76,3
2422,74.12,2
2423,72.14,2
2424,77.0,2
2425,78.05,2
2426,75.0,2
2427,79.86,2
2428,71.28,2
2429,77.18,2
2430,73.08,2
2431,79.86,2
2432,80.48,3
2433,72.0,2
2434,72.45,2
2435,76.48,2
2436,72.54,2
2437,73.36,2
2438,73.37,2
2439,67.33,2
2440,72.84,2
2441,70.61,2
2442,71.0,2
2443,76.6,2
2444,68.29,2
2445,74.3,2
2446,70.81,2
2447,70.6,2
2448,73.6,2
2449,72.04,2
2450,72.53,2
2451,73.51,2
2452,69.4,2
2453,68.35,2
2454,66.72,2
2455,67.29,2
2456,78.4,2
2457,73.08,2
2458,65.08,2
2459,64.95,2
2460,70.15,2
2461,70.13,2
2462,69.92,2
2463,67.3,2
2464,67.47,2
2465,68.62,2
2466,67.68,2
2467,60.55,2
2468,66.3,2
2469,64.22,2
2470,67.08,2
2471,75.3,2
2472,67.23,2
2473,64.97,2
2474,68.46,2
2475,66.92,2
2476,66.52,2
2477,66.86,2
2478,70.99,2
2479,61.21,2
2480,65.81,2
2481,61.39,2
2482,65.62,2
2483,60.98,2
2484,62.26,2
2485,62.41,2
2486,66.0,2
2487,65.61,2
2488,58.9,2
2489,62.58,2
2490,60.07,2
2491,58.2,2
2492,61.11,2
2493,60.61,2
2494,68.6,2
2495,62.4,2
2496,56.75,2
2497,58.97,2
2498,63.5,2
2499,66.49,2
2500,55.24,2
2501,54.14,2
2502,65.17,2
2503,60.51,2
2504,56.52,2
2505,60.5,2
2506,50.77,2
2507,58.47,2
2508,59.22,2
2509,60.79,2
2510,54.76,2
2511,57.84,2
2512,54.59,2
2513,57.91,2
2514,54.24,2
2515,55.48,2
2516,53.5,2
2517,58.22,2
2518,58.63,2
2519,55.13,2
2520,55.73,2
2521,51.05,2
2522,54.28,2
2523,54.81,2
2524,62.6,2
2525,51.19,2
2526,58.7,2
2527,57.08,2
2528,54.72,2
2529,58.93,2
2530,54.56,2
2531,54.39,2
2532,52.85,2
2533,56.47,2
2534,55.87,2
2535,50.49,2
2536,48.19,2
2537,51.33,2
2538,49.32,2
2539,51.32,2
2540,55.01,2
2541,49.71,2
2542,50.74,2
2543,50.83,2
2544,52.99,2
2545,43.49,2
2546,48.2,2
2547,50.45,2
2548,53.2,2
2549,47.92,2
2550,43.55,2
2551,50.83,2
2552,46.86,2
2553,44.99,2
2554,46.48,2
2555,47.59,2
2556,62.33,2
2557,57.32,2
2558,83.05,3
2559,83.98,3
2560,81.91,3
2561,76.34,2
2562,78.94,2
2563,79.32,2
2564,80.94,3
2565,80.94,3
2566,76.53,2
2567,78.78,2
2568,79.71,2
2569,82.5,3
2570,80.05,3
2571,80.1,3
2572,77.79,2
2573,81.57,3
2574,78.37,2
2575,74.36,2
2576,80.96,3
2577,78.65,2
2578,75.03,2
2579,74.73,2
2580,76.87,2
2581,77.17,2
2582,76.18,2
2583,60.13,2
2584,64.11,2
2585,62.03,2
2586,59.2,2
2587,61.26,2
2588,55.15,2
2589,59.26,2
2590,63.31,2
2591,57.04,2
2592,54.97,2
2593,55.37,2
2594,53.87,2
2595,54.61,2
2596,55.67,2
2597,52.38,2
2598,56.47,2
2599,58.95,2
2600,53.34,2
2601,60.44,2
2602,57.24,2
2603,58.62,2
2604,53.38,2
2605,57.75,2
2606,51.73,2
2607,57.51,2
2608,55.18,2
2609,56.15,2
2610,50.8,2
2611,51.47,2
2612,55.78,2
2613,50.97,2
2614,55.04,2
2615,49.39,2
2616,55.87,2
2617,49.46,2
2618,54.65,2
2619,38.08,1
2620,33.95,1
2621,37.63,1
2622,36.5,1
2623,33.95,1
2624,32.38,1
2625,29.36,1
2626,36.15,1
2627,30.25,1
2628,35.08,1
2629,33.85,1
2630,36.52,1
2631,33.43,1
2632,33.2,1
2633,36.23,1
2634,34.9,1
2635,34.69,1
2636,35.01,1
2637,28.85,1
2638,35.58,1
2639,35.01,1
2640,29.98,1
2641,32.16,1
2642,32.64,1
2643,32.21,1
2644,33.48,1
2645,36.64,1
2646,35.46,1
2647,28.14,1
2648,33.81,1
2649,35.8,1
2650,32.84,1
2651,34.83,1
2652,37.46,1
2653,34.37,1
2654,31.92,1
2655,34.19,1
2656,31.36,1
2657,30.88,1
2658,29.63,1
2659,35.26,1
2660,27.99,1
2661,34.93,1
2662,31.71,1
2663,25.9,1
2664,31.09,1
2665,23.57,1
2666,31.64,1
2667,32.31,1
2668,27.77,1
2669,29.81,1
2670,35.19,1
2671,27.71,1
2672,25.94,1
2673,33.46,1
2674,34.8,1
2675,28.83,1
2676,31.75,1
2677,32.64,1
2678,26.29,1
2679,26.97,1
2680,32.02,1
2681,33.29,1
2682,29.83,1
2683,25.42,1
2684,33.93,1
2685,26.29,1
2686,26.79,1
2687,28.73,1
2688,32.28,1
2689,30.1,1
2690,28.7,1
2691,28.77,1
2692,27.43,1
2693,28.9,1
2694,20.0,1
2695,26.18,1
2696,27.72,1
2697,23.47,1
2698,28.01,1
2699,26.17,1
2700,31.98,1
2701,31.36,1
2702,25.18,1
2703,26.06,1
2704,26.23,1
2705,25.03,1
2706,26.91,1
2707,23.99,1
2708,22.82,1
2709,28.02,1
2710,27.99,1
2711,23.63,1
2712,28.68,1
2713,24.05,1
2714,26.65,1
2715,28.3,1
2716,25.69,1
2717,27.11,1
2718,24.16,1
2719,25.07,1
2720,25.0,1
2721,23.34,1
2722,25.01,1
2723,20.86,1
2724,23.99,1
2725,24.58,1
2726,24.63,1
2727,24.64,1
2728,25.15,1
2729,26.74,1
2730,27.9,1
2731,23.3,1
2732,21.61,1
2733,22.07,1
2734,45.7,2
2735,46.09,2
2736,44.81,2
2737,43.22,2
2738,45.72,2
2739,47.62,2
2740,48.84,2
2741,45.37,2
2742,45.79,2
2743,44.24,2
2744,46.92,2
2745,44.46,2
2746,48.72,2
2747,64.78,2
2748,69.06,2
2749,71.04,2
2750,70.69,2
2751,78.22,2
2752,71.19,2
2753,67.13,2
2754,69.86,2
2755,64.82,2
2756,69.92,2
2757,67.67,2
2758,72.93,2
2759,68.54,2
2760,69.85,2
2761,68.31,2
2762,75.45,2
2763,69.29,2
2764,75.77,2
2765,72.73,2
2766,71.76,2
2767,71.44,2
2768,71.54,2
2769,64.6,2
2770,69.57,2
2771,72.98,2
2772,70.32,2
2773,66.28,2
2774,70.38,2
2775,75.68,2
2776,74.34,2
2777,70.45,2
2778,73.53,2
2779,69.62,2
2780,65.64,2
2781,68.02,2
2782,75.53,2
2783,70.06,2
2784,70.2,2
2785,70.08,2
2786,76.74,2
2787,75.96,2
2788,77.78,2
2789,70.7,2
2790,72.12,2
2791,66.74,2
2792,75.78,2
2793,67.9,2
2794,72.11,2
2795,68.23,2
2796,69.82,2
2797,69.14,2
2798,69.89,2
2799,70.16,2
2800,70.2,2
2801,74.42,2
2802,68.67,2
2803,72.72,2
2804,75.78,2
2805,70.67,2
2806,70.13,2
2807,71.66,2
2808,75.97,2
2809,73.1,2
2810,71.0,2
2811,74.13,2
2812,69.45,2
2813,74.89,2
2814,74.15,2
2815,50.1,2
2816,48.6,2
2817,48.54,2
2818,52.9,2
2819,55.07,2
2820,49.57,2
2821,52.95,2
2822,45.41,2
2823,50.01,2
2824,51.77,2
2825,49.23,2
2826,49.25,2
2827,50.16,2
2828,53.14,2
2829,51.81,2
2830,45.76,2
2831,46.22,2
2832,50.87,2
2833,54.17,2
2834,44.67,2
2835,51.52,2
2836,51.55,2
2837,57.41,2
2838,52.21,2
2839,54.63,2
2840,54.02,2
2841,47.32,2
2842,56.14,2
2843,54.6,2
2844,55.6,2
2845,65.98,2
2846,24.92,1
2847,36.48,1
2848,30.57,1
2849,32.42,1
2850,31.55,1
2851,30.54,1
2852,30.24,1
2853,33.07,1
2854,27.66,1
2855,34.6,1
2856,31.23,1
2857,29.23,1
2858,31.4,1
2859,36.66,1
2860,31.43,1
2861,34.25,1
2862,31.12,1
2863,35.73,1
2864,35.66,1
2865,39.29,1
2866,33.37,1
2867,36.05,1
2868,34.48,1
2869,38.22,1
2870,32.33,1
2871,36.87,1
2872,34.21,1
2873,34.75,1
2874,35.37,1
2875,36.01,1
2876,35.06,1
2877,36.21,1
2878,40.46,2
2879,38.84,1
2880,38.65,1
2881,34.84,1
2882,33.7,1
2883,39.39,1
2884,39.32,1
2885,41.27,2
2886,35.21,1
2887,36.5,1
2888,47.9,2
2889,51.81,2
2890,56.14,2
2891,51.92,2
2892,55.42,2
2893,53.1,2
2894,54.81,2
2895,50.57,2
2896,54.44,2
2897,45.39,2
2898,53.98,2
2899,49.82,2
2900,58.51,2
2901,57.4,2
2902,56.65,2
2903,59.99,2
2904,52.76,2
2905,61.03,2
2906,58.77,2
2907,55.45,2
2908,59.75,2
2909,53.21,2
2910,54.24,2
2911,55.07,2
2912,55.5,2
2913,54.1,2
2914,61.13,2
2915,56.87,2
2916,58.89,2
2917,56.32,2
2918,52.76,2
2919,59.22,2
2920,52.87,2
2921,58.59,2
2922,54.88,2
2923,65.15,2
2924,62.11,2
2925,59.89,2
2926,63.56,2
2927,57.43,2
2928,61.8,2
2929,60.96,2
2930,61.35,2
2931,64.58,2
2932,63.16,2
2933,62.03,2
2934,56.4,2
2935,58.68,2
2936,61.4,2
2937,62.25,2
2938,58.78,2
2939,69.61,2
2940,67.13,2
2941,64.59,2
2942,63.21,2
2943,62.56,2
2944,60.55,2
2945,63.84,2
2946,49.12,2
2947,44.83,2
2948,49.77,2
2949,48.51,2
2950,43.46,2
2951,46.81,2
2952,48.36,2
2953,55.48,2
2954,51.69,2
2955,46.23,2
2956,51.9,2
2957,46.02,2
2958,54.12,2
2959,49.67,2
2960,51.01,2
2961,55.49,2
2962,47.86,2
2963,47.75,2
2964,50.4,2
2965,55.48,2
2966,48.02,2
2967,44.3,2
2968,51.66,2
2969,54.88,2
2970,57.04,2
2971,52.27,2
2972,52.64,2
2973,57.55,2
2974,48.7,2
2975,53.36,2
2976,55.31,2
2977,56.31,2
2978,53.65,2
2979,55.5,2
2980,48.15,2
2981,53.86,2
2982,57.41,2
2983,53.32,2
2984,56.66,2
2985,58.05,2
2986,55.9,2
2987,57.66,2
2988,54.48,2
2989,56.96,2
2990,59.63,2
2991,58.49,2
2992,56.48,2
2993,59.13,2
2994,60.82,2
2995,52.75,2
2996,62.6,2
2997,58.33,2
2998,60.84,2
2999,63.37,2
3000,55.88,2
3001,58.09,2
3002,59.57,2
3003,58.31,2
3004,66.08,2
3005,58.53,2
3006,59.65,2
3007,62.15,2
3008,58.15,2
3009,60.79,2
3010,63.15,2
3011,61.42,2
3012,62.36,2
3013,61.27,2
3014,58.53,2
3015,64.26,2
3016,68.78,2
3017,63.79,2
3018,64.63,2
3019,66.25,2
3020,60.58,2
3021,69.71,2
3022,65.43,2
3023,69.94,2
3024,63.06,2
3025,70.93,2
3026,68.02,2
3027,67.57,2
3028,66.83,2
3029,65.6,2
3030,70.16,2
3031,67.2,2
3032,61.09,2
3033,63.85,2
3034,66.86,2
3035,68.57,2
3036,67.68,2
3037,71.72,2
3038,62.42,2
3039,68.92,2
3040,63.25,2
3041,71.2,2
3042,68.85,2
3043,70.6,2
3044,66.96,2
3045,73.6,2
3046,73.1,2
3047,71.94,2
3048,70.01,2
3049,72.35,2
3050,68.69,2
3051,73.59,2
3052,76.18,2
3053,74.65,2
3054,69.46,2
3055,72.94,2
3056,68.18,2
3057,73.99,2
3058,73.83,2
3059,67.07,2
3060,69.4,2
3061,72.24,2
3062,72.39,2
3063,69.87,2
3064,74.87,2
3065,74.65,2
3066,73.52,2
3067,72.04,2
3068,77.65,2
3069,79.67,2
3070,73.45,2
3071,73.26,2
3072,76.77,2
3073,96.7,3
3074,97.55,3
3075,100.39,3
3076,92.64,3
3077,102.51,3
3078,98.97,3
3079,97.71,3
3080,98.87,3
3081,99.22,3
3082,94.33,3
3083,104.2,3
3084,100.03,3
3085,101.42,3
3086,103.14,3
3087,97.41,3
3088,102.08,3
3089,100.04,3
3090,103.57,3
3091,94.84,3
3092,101.1,3
3093,99.78,3
3094,103.07,3
3095,103.36,3
3096,100.01,3
3097,100.18,3
3098,79.88,2
3099,77.7,2
3100,83.1,3
3101,79.64,2
3102,72.21,2
3103,79.98,2
3104,78.16,2
3105,76.56,2
3106,77.91,2
3107,82.13,3
3108,85.96,3
3109,83.08,3
3110,80.49,3
3111,83.85,3
3112,81.27,3
3113,80.73,3
3114,79.52,2
3115,77.89,2
3116,82.14,3
3117,83.95,3
3118,83.35,3
3119,82.55,3
3120,81.12,3
3121,85.94,3
3122,80.33,3
3123,86.76,3
3124,81.59,3
3125,82.49,3
3126,80.5,3
3127,83.55,3
3128,88.14,3
3129,86.91,3
3130,88.45,3
3131,87.23,3
3132,82.5,3
3133,84.97,3
3134,83.77,3
3135,90.25,3
3136,82.81,3
3137,89.22,3
3138,89.36,3
3139,92.32,3
3140,85.74,3
3141,89.24,3
3142,94.09,3
3143,85.53,3
3144,82.91,3
3145,82.02,3
3146,89.93,3
3147,82.27,3
3148,86.94,3
3149,89.5,3
3150,88.87,3
3151,89.72,3
3152,110.62,3
3153,113.91,3
3154,107.34,3
3155,108.3,3
3156,108.13,3
3157,113.06,3
3158,113.39,3
3159,112.16,3
3160,114.48,3
3161,107.51,3
3162,116.16,3
3163,115.85,3
3164,113.6,3
3165,116.85,3
3166,106.65,3
3167,110.15,3
3168,109.63,3
3169,114.11,3
3170,108.9,3
3171,114.43,3
3172,116.37,3
3173,114.45,3
3174,113.31,3
3175,109.6,3
3176,110.12,3
3177,116.51,3
3178,115.2,3
3179,112.84,3
3180,111.79,3
3181,107.06,3
3182,110.02,3
3183,119.06,3
3184,109.57,3
3185,114.07,3
3186,116.61,3
3187,109.91,3
3188,114.31,3
3189,116.65,3
3190,113.96,3
3191,122.61,4
3192,109.07,3
3193,117.33,3
3194,113.72,3
3195,116.62,3
3196,115.71,3
3197,112.26,3
3198,115.21,3
3199,109.02,3
3200,116.47,3
3201,115.63,3
3202,116.71,3
3203,118.04,3
3204,116.03,3
3205,115.43,3
3206,112.41,3
3207,91.59,3
3208,97.35,3
3209,98.15,3
3210,93.19,3
3211,94.09,3
3212,91.29,3
3213,97.58,3
3214,96.1,3
3215,99.98,3
3216,91.57,3
3217,93.12,3
3218,94.99,3
3219,96.28,3
3220,93.73,3
3221,91.8,3
3222,97.1,3
3223,96.66,3
3224,91.79,3
3225,98.64,3
3226,98.11,3
3227,95.04,3
3228,94.9,3
3229,96.36,3
3230,92.14,3
3231,94.84,3
3232,88.32,3
3233,97.43,3
3234,90.14,3
3235,99.35,3
3236,93.87,3
3237,94.25,3
3238,93.02,3
3239,94.05,3
3240,99.19,3
3241,87.48,3
3242,98.79,3
3243,95.98,3
3244,91.35,3
3245,91.76,3
3246,100.02,3
3247,92.16,3
3248,91.54,3
3249,98.41,3
3250,96.02,3
3251,92.19,3
3252,95.65,3
3253,91.92,3
3254,98.29,3
3255,98.17,3
3256,96.57,3
3257,96.05,3
3258,100.24,3
3259,94.94,3
3260,91.39,3
3261,96.26,3
3262,101.16,3
3263,91.84,3
3264,93.78,3
3265,96.09,3
3266,94.66,3
3267,91.85,3
3268,98.14,3
3269,101.71,3
3270,95.31,3
3271,91.98,3
3272,90.02,3
3273,95.41,3
3274,97.91,3
3275,95.99,3
3276,94.53,3
3277,92.73,3
3278,91.18,3
3279,96.92,3
3280,97.12,3
3281,89.7,3
3282,99.06,3
3283,95.97,3
3284,98.4,3
3285,90.13,3
3286,90.01,3
3287,93.61,3
3288,95.52,3
3289,99.34,3
3290,96.02,3
3291,93.12,3
3292,90.71,3
3293,97.42,3
3294,90.78,3
3295,98.5,3
3296,92.7,3
3297,98.26,3
3298,95.46,3
3299,92.94,3
3300,91.73,3
3301,92.2,3
3302,94.43,3
3303,93.31,3
3304,91.22,3
3305,92.43,3
3306,93.09,3
3307,86.39,3
3308,94.08,3
3309,89.68,3
3310,89.08,3
3311,87.4,3
3312,87.0,3
3313,88.23,3
3314,90.08,3
3315,97.98,3
3316,90.46,3
3317,92.48,3
3318,93.06,3
3319,92.16,3
3320,91.44,3
3321,87.99,3
3322,95.83,3
3323,96.8,3
3324,86.24,3
3325,88.11,3
3326,90.25,3
3327,88.09,3
3328,92.4,3
3329,88.59,3
3330,97.17,3
3331,94.14,3
3332,91.09,3
3333,93.43,3
3334,93.56,3
3335,88.43,3
3336,87.56,3
3337,90.13,3
3338,92.37,3
3339,90.09,3
3340,84.82,3
3341,87.02,3
3342,124.06,4
3343,123.93,4
3344,129.95,4
3345,119.76,3
3346,125.31,4
3347,128.13,4
3348,130.35,4
3349,122.2,4
3350,124.76,4
3351,124.86,4
3352,123.61,4
3353,122.59,4
3354,124.06,4
3355,115.02,3
3356,124.53,4
3357,122.73,4
3358,121.54,4
3359,128.21,4
3360,119.91,3
3361,120.58,4
3362,127.63,4
3363,119.01,3
3364,119.71,3
3365,120.78,4
3366,123.6,4
3367,121.55,4
3368,116.9,3
3369,119.03,3
3370,118.66,3
3371,120.1,4
3372,121.45,4
3373,121.28,4
3374,114.54,3
3375,122.91,4
3376,120.32,4
3377,123.55,4
3378,120.58,4
3379,122.39,4
3380,120.32,4
3381,122.8,4
3382,120.17,4
3383,118.15,3
3384,125.09,4
3385,120.78,4
3386,119.67,3
3387,113.95,3
3388,113.75,3
3389,118.32,3
3390,117.71,3
3391,115.26,3
3392,117.36,3
3393,121.53,4
3394,118.68,3
3395,112.99,3
3396,115.91,3
3397,113.65,3
3398,114.73,3
3399,114.47,3
3400,114.11,3
3401,111.59,3
3402,114.8,3
3403,113.32,3
3404,106.03,3
3405,120.8,4
3406,117.72,3
3407,113.14,3
3408,114.15,3
3409,110.39,3
3410,118.81,3
3411,119.23,3
3412,113.82,3
3413,116.23,3
3414,113.5,3
3415,108.77,3
3416,111.36,3
3417,112.8,3
3418,110.85,3
3419,111.36,3
3420,111.55,3
3421,111.39,3
3422,111.6,3
3423,108.06,3
3424,108.9,3
3425,107.0,3
3426,113.59,3
3427,104.15,3
3428,113.73,3
3429,114.23,3
3430,108.96,3
3431,101.86,3
3432,108.38,3
3433,74.11,2
3434,71.07,2
3435,72.35,2
3436,78.29,2
3437,75.49,2
3438,70.52,2
3439,68.3,2
3440,71.9,2
3441,72.04,2
3442,73.96,2
3443,70.66,2
3444,111.38,3
3445,115.44,3
3446,111.88,3
3447,109.08,3
3448,108.46,3
3449,107.74,3
3450,112.14,3
3451,106.51,3
3452,108.31,3
3453,108.12,3
3454,106.25,3
3455,103.43,3
3456,108.3,3
3457,106.94,3
3458,108.41,3
3459,105.1,3
3460,110.15,3
3461,103.64,3
3462,111.19,3
3463,100.6,3
3464,106.93,3
3465,106.84,3
3466,102.81,3
3467,106.26,3
3468,108.61,3
3469,97.9,3
3470,105.85,3
3471,96.64,3
3472,101.01,3
3473,108.58,3
3474,101.73,3
3475,99.73,3
3476,102.45,3
3477,109.03,3
3478,97.11,3
3479,99.23,3
3480,106.66,3
3481,107.52,3
3482,101.42,3
3483,97.8,3
3484,107.58,3
3485,105.86,3
3486,102.89,3
3487,60.42,2
3488,62.49,2
3489,61.94,2
3490,63.19,2
3491,66.33,2
3492,64.4,2
3493,58.31,2
3494,65.45,2
3495,62.04,2
3496,62.94,2
3497,65.06,2
3498,57.11,2
3499,60.11,2
3500,58.41,2
3501,55.08,2
3502,60.6,2
3503,66.87,2
3504,53.6,2
3505,58.8,2
3506,60.6,2
3507,58.83,2
3508,57.9,2
3509,54.12,2
3510,58.5,2
3511,55.31,2
3512,50.79,2
3513,60.73,2
3514,59.8,2
3515,56.86,2
3516,57.17,2
3517,59.49,2
3518,56.72,2
3519,58.54,2
3520,54.72,2
3521,59.33,2
3522,56.14,2
3523,55.54,2
3524,50.93,2
3525,55.39,2
3526,51.81,2
3527,52.18,2
3528,51.43,2
3529,50.46,2
3530,59.82,2
3531,57.22,2
3532,58.77,2
3533,49.13,2
3534,52.79,2
3535,48.48,2
3536,50.06,2
3537,49.18,2
3538,55.44,2
3539,50.32,2
3540,54.5,2
3541,52.9,2
3542,57.78,2
3543,46.22,2
3544,54.22,2
3545,53.67,2
3546,47.1,2
3547,52.84,2
3548,50.61,2
3549,48.71,2
3550,46.71,2
3551,46.82,2
3552,54.92,2
3553,48.56,2
3554,50.7,2
3555,45.77,2
3556,84.41,3
3557,89.79,3
3558,82.29,3
3559,84.89,3
3560,86.03,3
3561,86.06,3
3562,84.98,3
3563,86.5,3
3564,87.19,3
3565,87.11,3
3566,81.75,3
3567,83.66,3
3568,87.89,3
3569,86.79,3
3570,79.79,2
3571,84.76,3
3572,77.58,2
3573,83.46,3
3574,88.81,3
3575,80.08,3
3576,80.22,3
3577,84.82,3
3578,77.71,2
3579,80.24,3
3580,83.74,3
3581,79.85,2
3582,80.86,3
3583,83.61,3
3584,82.45,3
3585,81.79,3
3586,79.79,2
3587,81.73,3
3588,80.06,3
3589,81.62,3
3590,78.57,2
3591,79.32,2
3592,76.72,2
3593,79.4,2
3594,76.89,2
3595,75.8,2
3596,79.73,2
3597,79.41,2
3598,80.94,3
3599,77.12,2
3600,79.46,2
3601,79.71,2
3602,79.22,2
3603,75.23,2
3604,77.98,2
3605,78.45,2
3606,77.21,2
3607,70.75,2
3608,77.32,2
3609,83.31,3
3610,75.42,2
3611,74.15,2
3612,77.28,2
3613,76.93,2
3614,79.41,2
3615,71.89,2
3616,77.69,2
3617,77.11,2
3618,74.75,2
3619,76.03,2
3620,77.94,2
3621,77.31,2
3622,71.1,2
3623,76.84,2
3624,74.02,2
3625,74.28,2
3626,35.32,1
3627,34.49,1
3628,38.36,1
3629,34.39,1
3630,31.13,1
3631,33.16,1
3632,34.72,1
3633,37.73,1
3634,35.7,1
3635,31.19,1
3636,41.06,2
3637,34.25,1
3638,37.14,1
3639,32.72,1
3640,34.63,1
3641,35.41,1
3642,36.41,1
3643,35.79,1
3644,35.1,1
3645,31.4,1
3646,30.5,1
3647,33.08,1
3648,34.74,1
3649,31.15,1
3650,34.88,1
3651,35.91,1
3652,28.68,1
3653,28.79,1
3654,30.76,1
3655,31.98,1
3656,29.36,1
3657,34.86,1
3658,31.96,1
3659,30.69,1
3660,26.14,1
3661,26.38,1
3662,31.06,1
3663,23.7,1
3664,33.02,1
3665,29.4,1
3666,39.49,1
3667,36.58,1
3668,29.0,1
3669,29.12,1
3670,32.32,1
3671,34.33,1
3672,24.21,1
3673,23.66,1
3674,27.05,1
3675,30.56,1
3676,30.21,1
3677,31.83,1
3678,24.92,1
3679,21.48,1
3680,30.91,1
3681,25.75,1
3682,22.09,1
3683,28.49,1
3684,30.35,1
3685,27.51,1
3686,26.42,1
3687,27.23,1
3688,26.51,1
3689,23.5,1
3690,25.31,1
3691,28.94,1
3692,28.26,1
3693,27.72,1
3694,24.16,1
3695,26.52,1
3696,20.46,1
3697,27.46,1
3698,31.14,1
3699,22.36,1
3700,24.96,1
3701,27.63,1
3702,30.34,1
3703,25.17,1
3704,24.37,1
3705,20.48,1
3706,26.64,1
3707,32.4,1
3708,27.04,1
3709,26.09,1
3710,27.07,1
3711,26.01,1
3712,23.55,1
3713,28.41,1
3714,26.57,1
3715,25.9,1
3716,22.87,1
3717,29.66,1
3718,27.7,1
3719,24.0,1
3720,28.63,1
3721,24.09,1
3722,23.19,1
3723,23.22,1
3724,20.15,1
3725,26.85,1
3726,20.0,1
3727,21.68,1
3728,20.0,1
3729,25.05,1
3730,24.83,1
3731,24.27,1
3732,22.1,1
3733,21.68,1
3734,26.57,1
3735,23.5,1
3736,26.08,1
3737,22.46,1
3738,25.64,1
3739,28.99,1
3740,26.83,1
3741,23.82,1
3742,25.82,1
3743,24.31,1
3744,25.05,1
3745,24.04,1
3746,24.52,1
3747,25.64,1
3748,22.02,1
3749,21.95,1
3750,20.83,1
3751,20.2,1
3752,21.35,1
3753,25.48,1
3754,22.33,1
3755,26.56,1
3756,25.13,1
3757,20.0,1
3758,27.01,1
3759,27.49,1
3760,22.09,1
3761,26.34,1
3762,22.53,1
3763,25.41,1
3764,21.34,1
3765,20.0,1
3766,24.03,1
3767,24.83,1
3768,24.03,1
3769,21.7,1
3770,24.08,1
3771,26.11,1
3772,45.66,2
3773,46.37,2
3774,43.85,2
3775,49.41,2
3776,42.4,2
3777,47.43,2
3778,49.55,2
3779,47.48,2
3780,45.47,2
3781,44.54,2
3782,49.27,2
3783,41.94,2
3784,43.35,2
3785,45.11,2
3786,50.07,2
3787,47.54,2
3788,43.55,2
3789,45.58,2
3790,44.72,2
3791,44.49,2
3792,49.61,2
3793,42.62,2
3794,51.62,2
3795,49.34,2
3796,50.18,2
3797,45.59,2
3798,46.59,2
3799,42.81,2
3800,45.6,2
3801,48.72,2
3802,51.2,2
3803,44.06,2
3804,46.36,2
3805,47.08,2
3806,43.42,2
3807,49.46,2
3808,45.59,2
3809,47.25,2
3810,46.56,2
3811,45.63,2
3812,27.6,1
3813,27.06,1
3814,26.68,1
3815,25.69,1
3816,28.93,1
3817,33.02,1
3818,28.57,1
3819,31.23,1
3820,24.16,1
3821,28.9,1
3822,25.23,1
3823,24.19,1
3824,26.5,1
3825,32.39,1
3826,31.77,1
3827,29.75,1
3828,24.52,1
3829,28.64,1
3830,30.23,1
3831,29.96,1
3832,24.01,1
3833,26.98,1
3834,29.57,1
3835,31.48,1
3836,23.4,1
3837,29.61,1
3838,30.64,1
3839,32.88,1
3840,32.53,1
3841,32.31,1
3842,28.29,1
3843,41.18,2
3844,45.85,2
3845,50.15,2
3846,51.45,2
3847,49.53,2
3848,48.81,2
3849,48.79,2
3850,46.11,2
3851,47.52,2
3852,53.05,2
3853,45.35,2
3854,53.15,2
3855,47.47,2
3856,52.55,2
3857,44.49,2
3858,50.61,2
3859,46.78,2
3860,44.88,2
3861,49.92,2
3862,52.44,2
3863,47.02,2
3864,45.2,2
3865,49.57,2
3866,49.73,2
3867,51.78,2
3868,53.13,2
3869,50.25,2
3870,56.15,2
3871,51.41,2
3872,49.85,2
3873,46.2,2
3874,50.4,2
3875,50.34,2
3876,54.38,2
3877,53.05,2
3878,48.28,2
3879,52.49,2
3880,54.15,2
3881,56.88,2
3882,55.12,2
3883,54.9,2
3884,52.97,2
3885,54.11,2
3886,56.86,2
3887,49.28,2
3888,52.4,2
3889,51.3,2
3890,54.92,2
3891,57.65,2
3892,52.34,2
3893,47.13,2
3894,53.23,2
3895,57.38,2
3896,56.43,2
3897,56.28,2
3898,54.33,2
3899,51.51,2
3900,57.07,2
3901,53.2,2
3902,62.43,2
3903,57.77,2
3904,54.5,2
3905,54.59,2
3906,56.33,2
3907,56.07,2
3908,60.32,2
3909,57.72,2
3910,55.15,2
3911,63.2,2
3912,57.86,2
3913,60.21,2
3914,56.27,2
3915,59.37,2
3916,43.31,2
3917,36.89,1
3918,48.8,2
3919,46.82,2
3920,41.95,2
3921,40.02,2
3922,44.57,2
3923,43.98,2
3924,44.98,2
3925,44.69,2
3926,45.83,2
3927,48.85,2
3928,46.41,2
3929,41.75,2
3930,49.19,2
3931,50.22,2
3932,54.95,2
3933,42.33,2
3934,46.63,2
3935,39.85,1
3936,47.96,2
3937,44.86,2
3938,52.48,2
3939,44.59,2
3940,42.05,2
3941,45.91,2
3942,41.6,2
3943,49.98,2
3944,41.74,2
3945,48.23,2
3946,42.12,2
3947,47.6,2
3948,53.7,2
3949,50.06,2
3950,46.59,2
3951,49.3,2
3952,49.66,2
3953,51.23,2
3954,45.92,2
3955,52.01,2
3956,42.33,2
3957,48.77,2
3958,49.41,2
3959,52.98,2
3960,51.36,2
3961,47.29,2
3962,48.77,2
3963,52.53,2
3964,51.91,2
3965,50.63,2
3966,51.14,2
3967,54.88,2
3968,51.46,2
3969,52.96,2
3970,59.95,2
3971,49.39,2
3972,48.32,2
3973,56.44,2
3974,52.27,2
3975,53.57,2
3976,52.4,2
3977,54.18,2
3978,59.97,2
3979,57.8,2
3980,58.2,2
3981,51.58,2
3982,52.6,2
3983,47.75,2
3984,54.06,2
3985,59.58,2
3986,58.48,2
3987,56.48,2
3988,57.3,2
3989,55.52,2
3990,58.42,2
3991,60.32,2
3992,53.39,2
3993,59.36,2
3994,61.48,2
3995,57.66,2
3996,61.22,2
3997,67.78,2
3998,59.25,2
3999,60.96,2
4000,57.79,2
4001,60.76,2
4002,61.82,2
4003,61.24,2
4004,57.82,2
4005,61.72,2
4006,65.71,2
4007,62.88,2
4008,64.64,2
4009,61.27,2
4010,64.45,2
4011,63.25,2
4012,59.78,2
4013,63.81,2
4014,60.1,2
4015,61.4,2
4016,64.08,2
4017,64.62,2
4018,60.38,2
4019,67.33,2
4020,66.1,2
4021,62.49,2
4022,60.21,2
4023,64.61,2
4024,63.92,2
4025,65.81,2
4026,64.6,2
4027,59.89,2
4028,64.96,2
4029,65.43,2
4030,68.46,2
4031,64.68,2
4032,72.03,2
4033,61.47,2
4034,71.35,2
4035,66.96,2
4036,70.43,2
4037,68.3,2
4038,71.7,2
4039,67.33,2
4040,65.41,2
4041,73.18,2
4042,68.79,2
4043,70.01,2
4044,73.26,2
4045,66.67,2
4046,71.76,2
4047,68.42,2
4048,70.0,2
4049,70.82,2
4050,66.31,2
4051,68.69,2
4052,75.29,2
4053,74.1,2
4054,71.46,2
4055,72.59,2
4056,71.18,2
4057,76.34,2
4058,71.87,2
4059,73.38,2
4060,76.32,2
4061,70.76,2
4062,77.97,2
4063,68.9,2
4064,78.59,2
4065,72.78,2
4066,73.37,2
4067,68.63,2
4068,73.14,2
4069,71.58,2
4070,73.08,2
4071,74.69,2
4072,78.17,2
4073,76.12,2
4074,76.62,2
4075,72.6,2
4076,73.44,2
4077,81.68,3
4078,74.27,2
4079,81.64,3
4080,76.13,2
4081,77.06,2
4082,80.46,3
4083,81.25,3
4084,77.29,2
4085,76.65,2
4086,77.84,2
4087,79.21,2
4088,81.06,3
4089,78.58,2
4090,80.61,3
4091,83.85,3
4092,80.27,3
4093,80.24,3
4094,74.93,2
4095,71.78,2
4096,81.02,3
4097,79.75,2
4098,78.67,2
4099,81.12,3
4100,80.39,3
4101,84.13,3
4102,81.19,3
4103,78.86,2
4104,84.25,3
4105,80.8,3
4106,83.2,3
4107,80.37,3
4108,80.02,3
4109,82.39,3
4110,82.35,3
4111,83.92,3
4112,81.84,3
4113,77.31,2
4114,81.68,3
4115,85.53,3
4116,82.42,3
4117,82.73,3
4118,86.6,3
4119,81.66,3
4120,79.33,2
4121,83.64,3
4122,82.83,3
4123,81.54,3
4124,84.07,3
4125,86.22,3
4126,84.88,3
4127,85.98,3
4128,90.65,3
4129,84.33,3
4130,86.35,3
4131,84.14,3
4132,83.27,3
4133,84.21,3
4134,84.67,3
4135,87.33,3
4136,93.45,3
4137,84.39,3
4138,85.44,3
4139,86.64,3
4140,88.16,3
4141,87.9,3
4142,91.1,3
4143,80.1,3
4144,80.36,3
4145,86.17,3
4146,91.08,3
4147,83.23,3
4148,79.03,2
4149,89.9,3
4150,89.05,3
4151,85.17,3
4152,85.62,3
4153,85.79,3
4154,89.16,3
4155,87.07,3
4156,90.55,3
4157,80.63,3
4158,86.74,3
4159,86.05,3
4160,88.78,3
4161,88.05,3
4162,92.18,3
4163,84.32,3
4164,90.15,3
4165,91.8,3
4166,95.81,3
4167,88.9,3
4168,91.43,3
4169,85.15,3
4170,83.49,3
4171,93.31,3
4172,90.86,3
4173,94.52,3
4174,86.96,3
4175,92.74,3
4176,96.89,3
4177,92.64,3
4178,92.31,3
4179,91.6,3
4180,86.96,3
4181,95.83,3
4182,90.02,3
4183,93.46,3
4184,87.34,3
4185,88.58,3
4186,96.51,3
4187,91.25,3
4188,96.74,3
4189,92.23,3
4190,87.02,3
4191,95.3,3
4192,90.93,3
4193,94.88,3
4194,92.93,3
4195,88.3,3
4196,93.5,3
4197,99.67,3
4198,94.63,3
4199,93.05,3
4200,96.51,3
4201,93.99,3
4202,94.05,3
4203,90.21,3
4204,94.25,3
4205,96.72,3
4206,91.16,3
4207,98.0,3
4208,93.51,3
4209,91.18,3
4210,96.89,3
4211,93.09,3
4212,96.29,3
4213,93.18,3
4214,93.93,3
4215,95.64,3
4216,95.08,3
4217,88.26,3
4218,90.93,3
4219,97.13,3
4220,93.98,3
4221,92.85,3
4222,90.38,3
4223,91.26,3
4224,88.47,3
4225,94.27,3
4226,92.81,3
4227,91.74,3
4228,94.46,3
4229,95.79,3
4230,101.0,3
4231,90.22,3
4232,98.25,3
4233,97.72,3
4234,92.49,3
4235,95.45,3
4236,93.49,3
4237,95.44,3
4238,99.43,3
4239,96.73,3
4240,96.46,3
4241,93.65,3
4242,90.5,3
4243,94.34,3
4244,98.59,3
4245,90.4,3
4246,91.82,3
4247,95.37,3
4248,92.04,3
4249,92.62,3
4250,93.73,3
4251,90.9,3
4252,92.07,3
4253,97.1,3
4254,91.07,3
4255,90.19,3
4256,93.09,3
4257,97.16,3
4258,94.37,3
4259,93.55,3
4260,95.06,3
4261,89.68,3
4262,96.38,3
4263,96.03,3
4264,93.64,3
4265,97.86,3
4266,91.44,3
4267,98.18,3
4268,95.24,3
4269,93.74,3
4270,94.66,3
4271,94.37,3
4272,98.33,3
4273,91.41,3
4274,92.32,3
4275,97.68,3
4276,92.75,3
4277,97.2,3
4278,99.56,3
4279,93.22,3
4280,96.42,3
4281,90.88,3
4282,96.56,3
4283,94.85,3
4284,95.62,3
4285,92.22,3
4286,89.13,3
4287,95.57,3
4288,87.82,3
4289,93.0,3
4290,96.72,3
4291,94.42,3
4292,99.63,3
4293,96.81,3
4294,91.71,3
4295,93.69,3
4296,93.41,3
4297,88.74,3
4298,90.6,3
4299,91.67,3
4300,87.18,3
4301,93.36,3
4302,92.4,3
4303,88.06,3
4304,94.22,3
4305,95.08,3
4306,93.54,3
4307,91.81,3
4308,94.48,3
4309,94.66,3
4310,93.46,3
4311,89.99,3
4312,93.21,3
4313,95.88,3
4314,90.42,3
4315,98.42,3
4316,90.46,3
4317,92.04,3
4318,89.84,3
4319,92.43,3
4320,86.44,3
4321,89.94,3
4322,88.2,3
4323,91.79,3
4324,94.27,3
4325,93.12,3
4326,83.97,3
4327,97.11,3
4328,91.77,3
4329,88.45,3
4330,91.14,3
4331,91.09,3
4332,88.46,3
4333,90.94,3
4334,88.41,3
4335,88.91,3
4336,87.95,3
4337,85.6,3
4338,90.22,3
4339,91.42,3
4340,91.1,3
4341,91.89,3
4342,90.29,3
4343,87.59,3
4344,91.59,3
4345,84.88,3
4346,86.12,3
4347,85.81,3
4348,91.81,3
4349,91.27,3
4350,89.78,3
4351,91.4,3
4352,85.42,3
4353,88.97,3
4354,87.41,3
4355,90.2,3
4356,87.17,3
4357,86.23,3
4358,88.87,3
4359,89.74,3
4360,84.96,3
4361,86.64,3
4362,83.51,3
4363,79.05,2
4364,87.0,3
4365,88.08,3
4366,86.89,3
4367,80.11,3
4368,84.76,3
4369,79.01,2
4370,89.62,3
4371,82.1,3
4372,88.98,3
4373,87.9,3
4374,82.2,3
4375,81.35,3
4376,85.64,3
4377,81.9,3
4378,84.59,3
4379,82.67,3
4380,78.62,2
4381,77.11,2
4382,84.32,3
4383,81.79,3
4384,81.65,3
4385,85.23,3
4386,86.5,3
4387,82.0,3
4388,81.63,3
4389,83.98,3
4390,78.24,2
4391,82.81,3
4392,83.62,3
4393,83.84,3
4394,75.81,2
4395,79.17,2
4396,78.64,2
4397,81.4,3
4398,82.37,3
4399,85.24,3
4400,79.09,2
4401,78.9,2
4402,83.66,3
4403,80.92,3
4404,83.66,3
4405,80.54,3
4406,76.02,2
4407,75.31,2
4408,74.47,2
4409,80.93,3
4410,82.32,3
4411,84.12,3
4412,80.91,3
4413,81.68,3
4414,76.27,2
4415,74.35,2
4416,80.18,3
4417,78.69,2
4418,77.57,2
4419,78.22,2
4420,77.83,2
4421,80.52,3
4422,80.36,3
4423,77.91,2
4424,78.62,2
4425,77.43,2
4426,74.31,2
4427,77.77,2
4428,71.12,2
4429,78.26,2
4430,71.32,2
4431,75.56,2
4432,71.97,2
4433,75.96,2
4434,74.0,2
4435,69.12,2
4436,74.96,2
4437,71.76,2
4438,75.94,2
4439,73.09,2
4440,74.07,2
4441,69.81,2
4442,70.71,2
4443,70.89,2
4444,74.63,2
4445,76.89,2
4446,69.23,2
4447,74.67,2
4448,64.72,2
4449,67.44,2
4450,67.94,2
4451,66.55,2
4452,65.65,2
4453,71.43,2
4454,69.33,2
4455,70.9,2
4456,71.62,2
4457,70.14,2
4458,71.1,2
4459,68.71,2
4460,65.14,2
4461,71.66,2
4462,66.51,2
4463,65.26,2
4464,67.32,2
4465,64.9,2
4466,66.17,2
4467,68.24,2
4468,68.03,2
4469,64.08,2
4470,65.1,2
4471,69.57,2
4472,67.62,2
4473,72.13,2
4474,69.23,2
4475,68.91,2
4476,61.09,2
4477,67.33,2
4478,64.66,2
4479,62.95,2
4480,64.89,2
4481,67.0,2
4482,65.45,2
4483,61.1,2
4484,65.74,2
4485,61.38,2
4486,63.72,2
4487,61.95,2
4488,61.98,2
4489,64.72,2
4490,59.08,2
4491,67.81,2
4492,56.3,2
4493,59.75,2
4494,62.43,2
4495,62.85,2
4496,60.58,2
4497,60.49,2
4498,61.67,2
4499,59.53,2
4500,64.18,2
4501,62.3,2
4502,62.18,2
4503,56.44,2
4504,58.88,2
4505,58.0,2
4506,55.66,2
4507,59.54,2
4508,56.63,2
4509,59.99,2
4510,54.59,2
4511,62.74,2
4512,54.67,2
4513,57.8,2
4514,59.3,2
4515,54.99,2
4516,59.04,2
4517,52.58,2
4518,60.41,2
4519,55.87,2
4520,53.82,2
4521,54.5,2
4522,57.6,2
4523,53.21,2
4524,52.49,2
4525,53.86,2
4526,50.78,2
4527,59.55,2
4528,52.18,2
4529,56.15,2
4530,54.07,2
4531,50.27,2
4532,52.99,2
4533,55.15,2
4534,52.01,2
4535,55.94,2
4536,55.22,2
4537,54.69,2
4538,50.34,2
4539,48.27,2
4540,49.46,2
4541,51.67,2
4542,52.51,2
4543,44.14,2
4544,50.42,2
4545,50.71,2
4546,49.19,2
4547,53.69,2
4548,50.87,2
4549,53.32,2
4550,48.54,2
4551,51.79,2
4552,53.67,2
4553,52.49,2
4554,45.07,2
4555,47.38,2
4556,46.9,2
4557,49.2,2
4558,49.58,2
4559,44.8,2
4560,47.32,2
4561,40.85,2
4562,51.03,2
4563,44.97,2
4564,46.47,2
4565,45.17,2
4566,49.34,2
4567,37.18,1
4568,45.45,2
4569,44.98,2
4570,43.74,2
4571,50.08,2
4572,42.04,2
4573,46.82,2
4574,45.38,2
4575,47.89,2
4576,41.91,2
4577,41.52,2
4578,46.81,2
4579,44.61,2
4580,38.5,1
4581,41.33,2
4582,43.91,2
4583,45.08,2
4584,40.34,2
4585,33.44,1
4586,43.56,2
4587,38.15,1
4588,35.57,1
4589,32.94,1
4590,43.69,2
4591,41.45,2
4592,40.2,2
4593,44.86,2
4594,42.42,2
4595,45.18,2
4596,35.97,1
4597,39.86,1
4598,34.93,1
4599,38.92,1
4600,38.68,1
4601,41.13,2
4602,39.21,1
4603,40.77,2
4604,40.83,2
4605,45.01,2
4606,37.43,1
4607,35.38,1
4608,38.77,1
4609,35.45,1
4610,42.14,2
4611,36.67,1
4612,35.66,1
4613,35.77,1
4614,39.17,1
4615,36.38,1
4616,34.76,1
4617,41.52,2
4618,33.79,1
4619,36.31,1
4620,38.0,1
4621,30.99,1
4622,37.16,1
4623,32.4,1
4624,37.88,1
4625,32.36,1
4626,37.17,1
4627,38.26,1
4628,37.37,1
4629,35.39,1
4630,33.79,1
4631,32.61,1
4632,38.6,1
4633,31.94,1
4634,30.78,1
4635,35.74,1
4636,31.21,1
4637,30.61,1
4638,28.98,1
4639,31.72,1
4640,32.78,1
4641,33.62,1
4642,35.61,1
4643,34.2,1
4644,31.91,1
4645,31.75,1
4646,33.74,1
4647,35.89,1
4648,32.32,1
4649,30.41,1
4650,28.71,1
4651,27.22,1
4652,33.43,1
4653,33.04,1
4654,32.91,1
4655,30.67,1
4656,35.15,1
4657,29.35,1
4658,33.55,1
4659,30.45,1
4660,28.62,1
4661,32.11,1
4662,31.44,1
4663,31.17,1
4664,30.23,1
4665,29.76,1
4666,36.93,1
4667,33.21,1
4668,31.71,1
4669,29.77,1
4670,32.35,1
4671,30.78,1
4672,29.2,1
4673,28.11,1
4674,28.67,1
4675,20.0,1
4676,29.35,1
4677,27.15,1
4678,33.3,1
4679,28.48,1
4680,24.76,1
4681,28.09,1
4682,25.01,1
4683,29.48,1
4684,28.84,1
4685,30.75,1
4686,25.42,1
4687,27.81,1
4688,23.53,1
4689,29.64,1
4690,29.01,1
4691,28.86,1
4692,27.3,1
4693,28.47,1
4694,31.96,1
4695,26.21,1
4696,27.41,1
4697,23.66,1
4698,24.25,1
4699,27.08,1
4700,30.02,1
4701,25.88,1
4702,25.87,1
4703,25.29,1
4704,24.85,1
4705,27.27,1
4706,21.84,1
4707,30.11,1
4708,24.22,1
4709,28.32,1
4710,22.29,1
4711,28.05,1
4712,28.01,1
4713,27.09,1
4714,22.91,1
4715,26.59,1
4716,22.25,1
4717,24.99,1
4718,28.79,1
4719,28.05,1
4720,25.67,1
4721,22.65,1
4722,27.48,1
4723,25.56,1
4724,20.0,1
4725,27.78,1
4726,25.32,1
4727,28.97,1
4728,22.05,1
4729,20.0,1
4730,26.11,1
4731,26.12,1
4732,20.15,1
4733,22.26,1
4734,33.44,1
4735,24.24,1
4736,27.33,1
4737,23.16,1
4738,20.0,1
4739,24.57,1
4740,24.27,1
4741,23.86,1
4742,24.7,1
4743,25.83,1
4744,24.57,1
4745,21.23,1
4746,26.47,1
4747,20.0,1
4748,20.0,1
4749,27.22,1
4750,26.52,1
4751,24.83,1
4752,20.82,1
4753,22.88,1
4754,24.22,1
4755,20.23,1
4756,22.81,1
4757,26.99,1
4758,29.33,1
4759,23.8,1
4760,27.34,1
4761,20.0,1
4762,27.08,1
4763,22.7,1
4764,26.06,1
4765,24.41,1
4766,29.14,1
4767,22.58,1
4768,27.11,1
4769,24.41,1
4770,24.8,1
4771,24.75,1
4772,22.8,1
4773,25.32,1
4774,25.21,1
4775,26.15,1
4776,25.72,1
4777,27.9,1
4778,28.31,1
4779,22.43,1
4780,28.23,1
4781,22.1,1
4782,27.47,1
4783,27.61,1
4784,20.06,1
4785,26.12,1
4786,24.49,1
4787,23.67,1
4788,30.05,1
4789,24.08,1
4790,23.68,1
4791,26.38,1
4792,28.27,1
4793,25.84,1
4794,29.83,1
4795,27.98,1
4796,20.0,1
4797,24.93,1
4798,24.89,1
4799,28.08,1
4800,20.0,1
4801,34.43,1
4802,28.44,1
4803,27.37,1
4804,30.54,1
4805,34.1,1
4806,29.76,1
4807,30.07,1
4808,27.69,1
4809,26.95,1
4810,26.03,1
4811,25.06,1
4812,25.56,1
4813,23.65,1
4814,27.56,1
4815,22.82,1
4816,28.54,1
4817,27.95,1
4818,28.59,1
4819,26.67,1
4820,37.56,1
4821,32.51,1
4822,24.79,1
4823,29.32,1
4824,26.89,1
4825,25.77,1
4826,24.9,1
4827,30.31,1
4828,27.08,1
4829,32.13,1
4830,32.31,1
4831,33.56,1
4832,26.99,1
4833,31.08,1
4834,31.66,1
4835,28.45,1
4836,27.67,1
4837,34.93,1
4838,30.9,1
4839,32.24,1
4840,27.98,1
4841,26.91,1
4842,28.98,1
4843,63.8,2
4844,61.1,2
4845,64.39,2
4846,59.48,2
4847,61.31,2
4848,66.81,2
4849,66.73,2
4850,63.88,2
4851,62.13,2
4852,62.23,2
4853,64.32,2
4854,67.51,2
4855,68.5,2
4856,64.36,2
4857,62.52,2
4858,66.92,2
4859,97.78,3
4860,98.84,3
4861,104.51,3
4862,103.16,3
4863,101.29,3
4864,97.15,3
4865,101.74,3
4866,104.44,3
4867,100.27,3
4868,105.6,3
4869,105.58,3
4870,106.84,3
4871,102.91,3
4872,103.91,3
4873,106.55,3
4874,103.8,3
4875,101.11,3
4876,101.42,3
4877,103.64,3
4878,99.21,3
4879,102.81,3
4880,106.69,3
4881,96.99,3
4882,108.33,3
4883,107.25,3
4884,102.67,3
4885,105.85,3
4886,104.39,3
4887,108.24,3
4888,107.66,3
4889,100.68,3
4890,106.81,3
4891,104.6,3
4892,105.64,3
4893,103.38,3
4894,110.98,3
4895,109.03,3
4896,103.86,3
4897,102.26,3
4898,105.28,3
4899,107.91,3
4900,107.51,3
4901,110.73,3
4902,109.52,3
4903,110.24,3
4904,108.49,3
4905,103.52,3
4906,107.28,3
4907,111.23,3
4908,108.08,3
4909,109.93,3
4910,107.65,3
4911,72.34,2
4912,75.24,2
4913,76.73,2
4914,74.02,2
4915,75.47,2
4916,73.55,2
4917,79.92,2
4918,75.87,2
4919,81.3,3
4920,81.72,3
4921,77.08,2
4922,74.49,2
4923,71.46,2
4924,73.49,2
4925,73.98,2
4926,82.44,3
4927,78.85,2
4928,79.86,2
4929,72.23,2
4930,75.5,2
4931,81.95,3
4932,80.35,3
4933,79.25,2
4934,81.59,3
4935,85.0,3
4936,79.63,2
4937,80.71,3
4938,47.29,2
4939,54.09,2
4940,40.82,2
4941,49.37,2
4942,47.18,2
4943,49.43,2
4944,45.97,2
4945,48.0,2
4946,50.49,2
4947,57.9,2
4948,51.19,2
4949,46.43,2
4950,47.91,2
4951,48.03,2
4952,44.22,2
4953,48.82,2
4954,52.22,2
4955,46.41,2
4956,53.59,2
4957,52.12,2
4958,48.67,2
4959,50.66,2
4960,56.09,2
4961,53.71,2
4962,51.75,2
4963,51.22,2
4964,52.38,2
4965,50.83,2
4966,46.27,2
4967,58.92,2
4968,53.48,2
4969,54.42,2
4970,53.27,2
4971,51.45,2
4972,53.32,2
4973,49.29,2
4974,61.14,2
4975,50.82,2
4976,51.65,2
4977,53.64,2
4978,59.04,2
4979,55.44,2
4980,51.9,2
4981,59.59,2
4982,58.24,2
4983,57.88,2
4984,58.63,2
4985,63.89,2
4986,63.48,2
4987,55.08,2
4988,62.24,2
4989,58.73,2
4990,59.3,2
4991,52.95,2
4992,57.73,2
4993,56.02,2
4994,61.17,2
4995,62.11,2
4996,52.9,2
4997,59.27,2
4998,62.93,2
4999,59.22,2
